image_id,file_name,tile_x,tile_y,length_px,aspect_ratio,angle_deg,angle_sin,angle_cos,n_annotations
3,/Volumes/External/frigate/processed/Capture_00161 02_57_02Z__tx1800_ty1200_ts400.png,1800.0,1200.0,13.28,2.105,25.41,0.7752,0.6318,1
4,/Volumes/External/frigate/processed/Capture_00142 02_56_39Z__tx600_ty0_ts400.png,600.0,0.0,16.49,1.08,47.21,0.997,-0.0771,1
5,/Volumes/External/frigate/processed/Capture_00142 02_56_39Z__tx900_ty0_ts400.png,900.0,0.0,16.49,1.08,47.21,0.997,-0.0771,1
7,/Volumes/External/frigate/processed/Capture_00125 02_56_27Z__tx900_ty0_ts400.png,900.0,0.0,15.71,1.075,47.06,0.9974,-0.0718,1
8,/Volumes/External/frigate/processed/Capture_00125 02_56_27Z__tx900_ty300_ts400.png,900.0,300.0,15.71,1.075,47.06,0.9974,-0.0718,1
9,/Volumes/External/frigate/processed/Capture_00146 02_56_44Z__tx1800_ty300_ts400.png,1800.0,300.0,11.05,1.83,61.35,0.8415,-0.5402,1
10,/Volumes/External/frigate/processed/Capture_00146 02_56_44Z__tx2100_ty300_ts400.png,2100.0,300.0,11.05,1.83,61.35,0.8415,-0.5402,1
11,/Volumes/External/frigate/processed/Capture_00146 02_56_44Z__tx1800_ty600_ts400.png,1800.0,600.0,11.05,1.83,61.35,0.8415,-0.5402,1
12,/Volumes/External/frigate/processed/Capture_00146 02_56_44Z__tx2100_ty600_ts400.png,2100.0,600.0,11.05,1.83,61.35,0.8415,-0.5402,1
13,/Volumes/External/frigate/processed/Capture_00194 02_57_42Z__tx1200_ty0_ts400.png,1200.0,0.0,16.12,1.204,50.29,0.983,-0.1836,1
14,/Volumes/External/frigate/processed/Capture_00194 02_57_42Z__tx1500_ty0_ts400.png,1500.0,0.0,16.12,1.204,50.29,0.983,-0.1836,1
17,/Volumes/External/frigate/processed/Capture_00159 02_57_00Z__tx1800_ty1200_ts400.png,1800.0,1200.0,13.46,1.889,27.9,0.8271,0.5621,1
18,/Volumes/External/frigate/processed/Capture_00121 02_56_25Z__tx900_ty300_ts400.png,900.0,300.0,16.06,1.064,46.77,0.9981,-0.0617,1
19,/Volumes/External/frigate/processed/Capture_00121 02_56_25Z__tx1200_ty300_ts400.png,1200.0,300.0,16.06,1.064,46.77,0.9981,-0.0617,1
23,/Volumes/External/frigate/processed/Capture_00180 02_57_25Z__tx1500_ty0_ts400.png,1500.0,0.0,15.31,1.139,48.71,0.9916,-0.1291,1
24,/Volumes/External/frigate/processed/Capture_00180 02_57_25Z__tx1800_ty0_ts400.png,1800.0,0.0,15.31,1.139,48.71,0.9916,-0.1291,1
25,/Volumes/External/frigate/processed/Capture_00180 02_57_25Z__tx1500_ty300_ts400.png,1500.0,300.0,15.31,1.139,48.71,0.9916,-0.1291,1
26,/Volumes/External/frigate/processed/Capture_00180 02_57_25Z__tx1800_ty300_ts400.png,1800.0,300.0,15.31,1.139,48.71,0.9916,-0.1291,1
27,/Volumes/External/frigate/processed/Capture_00180 02_57_25Z__tx1200_ty1200_ts400.png,1200.0,1200.0,13.64,2.0,26.57,0.8001,0.5999,1
28,/Volumes/External/frigate/processed/Capture_00180 02_57_25Z__tx1500_ty1200_ts400.png,1500.0,1200.0,13.64,2.0,26.57,0.8001,0.5999,1
29,/Volumes/External/frigate/processed/Capture_00270 02_59_17Z__tx1200_ty900_ts400.png,1200.0,900.0,9.99,3.065,71.93,0.5898,-0.8076,1
30,/Volumes/External/frigate/processed/Capture_00270 02_59_17Z__tx1500_ty900_ts400.png,1500.0,900.0,10.39,2.262,66.15,0.7396,-0.673,1
31,/Volumes/External/frigate/processed/Capture_00270 02_59_17Z__tx300_ty1200_ts400.png,300.0,1200.0,14.57,1.04,46.11,0.9992,-0.0387,1
32,/Volumes/External/frigate/processed/Capture_01643 03_11_37Z__tx900_ty600_ts400.png,900.0,600.0,13.59,1.455,34.51,0.9337,0.358,1
33,/Volumes/External/frigate/processed/Capture_01643 03_11_37Z__tx1200_ty900_ts400.png,1200.0,900.0,10.68,2.475,68.0,0.6947,-0.7193,1
35,/Volumes/External/frigate/processed/Capture_00301 02_59_55Z__tx1200_ty0_ts400.png,1200.0,0.0,16.43,1.128,41.55,0.9928,0.1201,2
36,/Volumes/External/frigate/processed/Capture_00301 02_59_55Z__tx1500_ty0_ts400.png,1500.0,0.0,15.72,2.792,70.3,0.6347,-0.7727,1
37,/Volumes/External/frigate/processed/Capture_00301 02_59_55Z__tx1800_ty600_ts400.png,1800.0,600.0,14.73,1.44,55.23,0.9369,-0.3496,1
38,/Volumes/External/frigate/processed/Capture_00301 02_59_55Z__tx2100_ty600_ts400.png,2100.0,600.0,14.73,1.44,55.23,0.9369,-0.3496,1
41,/Volumes/External/frigate/processed/Capture_00283 02_59_32Z__tx0_ty900_ts400.png,0.0,900.0,18.24,1.0,45.0,1.0,0.0,1
42,/Volumes/External/frigate/processed/Capture_00283 02_59_32Z__tx2100_ty900_ts400.png,2100.0,900.0,13.88,1.366,53.79,0.9533,-0.302,1
43,/Volumes/External/frigate/processed/Capture_00283 02_59_32Z__tx0_ty1200_ts400.png,0.0,1200.0,18.24,1.0,45.0,1.0,0.0,1
44,/Volumes/External/frigate/processed/Capture_00283 02_59_32Z__tx2100_ty1200_ts400.png,2100.0,1200.0,13.88,1.366,53.79,0.9533,-0.302,1
45,/Volumes/External/frigate/processed/Capture_00277 02_59_25Z__tx1200_ty600_ts400.png,1200.0,600.0,12.34,1.964,63.02,0.8086,-0.5883,1
46,/Volumes/External/frigate/processed/Capture_00277 02_59_25Z__tx1500_ty600_ts400.png,1500.0,600.0,12.34,1.964,63.02,0.8086,-0.5883,1
47,/Volumes/External/frigate/processed/Capture_00277 02_59_25Z__tx1200_ty900_ts400.png,1200.0,900.0,12.34,1.964,63.02,0.8086,-0.5883,1
48,/Volumes/External/frigate/processed/Capture_00277 02_59_25Z__tx1500_ty900_ts400.png,1500.0,900.0,12.34,1.964,63.02,0.8086,-0.5883,1
49,/Volumes/External/frigate/processed/Capture_00277 02_59_25Z__tx0_ty1200_ts400.png,0.0,1200.0,18.17,1.024,45.67,0.9997,-0.0234,1
50,/Volumes/External/frigate/processed/Capture_00277 02_59_25Z__tx300_ty1200_ts400.png,300.0,1200.0,18.17,1.024,45.67,0.9997,-0.0234,1
51,/Volumes/External/frigate/processed/Capture_01927 03_14_18Z__tx900_ty0_ts400.png,900.0,0.0,18.18,1.056,46.56,0.9985,-0.0544,1
52,/Volumes/External/frigate/processed/Capture_01927 03_14_18Z__tx1200_ty0_ts400.png,1200.0,0.0,18.18,1.056,46.56,0.9985,-0.0544,2
53,/Volumes/External/frigate/processed/Capture_01927 03_14_18Z__tx1500_ty0_ts400.png,1500.0,0.0,14.98,1.928,27.42,0.8175,0.5759,1
54,/Volumes/External/frigate/processed/Capture_01927 03_14_18Z__tx1800_ty0_ts400.png,1800.0,0.0,14.98,1.928,27.42,0.8175,0.5759,1
55,/Volumes/External/frigate/processed/Capture_01927 03_14_18Z__tx1200_ty300_ts400.png,1200.0,300.0,15.7,1.018,45.52,0.9998,-0.0182,1
56,/Volumes/External/frigate/processed/Capture_01927 03_14_18Z__tx1200_ty600_ts400.png,1200.0,600.0,16.5,2.027,26.25,0.7934,0.6088,1
57,/Volumes/External/frigate/processed/Capture_01927 03_14_18Z__tx300_ty900_ts400.png,300.0,900.0,13.28,1.2,39.81,0.9836,0.1802,1
58,/Volumes/External/frigate/processed/Capture_01927 03_14_18Z__tx1200_ty900_ts400.png,1200.0,900.0,10.07,1.456,34.48,0.9333,0.359,1
59,/Volumes/External/frigate/processed/Capture_01927 03_14_18Z__tx1500_ty900_ts400.png,1500.0,900.0,10.07,1.456,34.48,0.9333,0.359,1
60,/Volumes/External/frigate/processed/Capture_01927 03_14_18Z__tx300_ty1200_ts400.png,300.0,1200.0,13.28,1.2,39.81,0.9836,0.1802,1
61,/Volumes/External/frigate/processed/Capture_00172 02_57_15Z__tx1800_ty300_ts400.png,1800.0,300.0,12.9,1.141,48.77,0.9914,-0.1312,1
62,/Volumes/External/frigate/processed/Capture_00172 02_57_15Z__tx1500_ty1200_ts400.png,1500.0,1200.0,14.96,1.608,31.88,0.8969,0.4421,1
63,/Volumes/External/frigate/processed/Capture_00168 02_57_11Z__tx1800_ty300_ts400.png,1800.0,300.0,15.49,1.066,46.83,0.998,-0.0638,1
64,/Volumes/External/frigate/processed/Capture_00168 02_57_11Z__tx1800_ty600_ts400.png,1800.0,600.0,15.49,1.066,46.83,0.998,-0.0638,1
65,/Volumes/External/frigate/processed/Capture_00168 02_57_11Z__tx1500_ty1200_ts400.png,1500.0,1200.0,14.1,1.783,29.29,0.8534,0.5213,1
66,/Volumes/External/frigate/processed/Capture_00168 02_57_11Z__tx1800_ty1200_ts400.png,1800.0,1200.0,14.1,1.783,29.29,0.8534,0.5213,1
67,/Volumes/External/frigate/processed/Capture_00129 02_56_29Z__tx900_ty0_ts400.png,900.0,0.0,18.53,1.047,46.31,0.999,-0.0457,1
68,/Volumes/External/frigate/processed/Capture_00129 02_56_29Z__tx900_ty300_ts400.png,900.0,300.0,18.53,1.047,46.31,0.999,-0.0457,1
69,/Volumes/External/frigate/processed/Capture_01402 03_09_35Z__tx600_ty900_ts400.png,600.0,900.0,13.8,1.354,53.55,0.9558,-0.294,1
71,/Volumes/External/frigate/processed/Capture_00185 02_57_31Z__tx1500_ty0_ts400.png,1500.0,0.0,17.22,1.132,48.53,0.9924,-0.1229,1
72,/Volumes/External/frigate/processed/Capture_01100 03_07_03Z__tx900_ty900_ts400.png,900.0,900.0,15.78,1.065,43.2,0.998,0.0628,1
75,/Volumes/External/frigate/processed/Capture_01261 03_08_24Z__tx1200_ty600_ts400.png,1200.0,600.0,15.06,1.009,45.27,1.0,-0.0094,1
77,/Volumes/External/frigate/processed/Capture_00676 03_03_31Z__tx1500_ty300_ts400.png,1500.0,300.0,13.59,1.541,57.01,0.9134,-0.4071,1
78,/Volumes/External/frigate/processed/Capture_00676 03_03_31Z__tx1800_ty300_ts400.png,1800.0,300.0,13.59,1.541,57.01,0.9134,-0.4071,1
79,/Volumes/External/frigate/processed/Capture_00676 03_03_31Z__tx1500_ty600_ts400.png,1500.0,600.0,14.31,1.924,27.46,0.8184,0.5747,2
80,/Volumes/External/frigate/processed/Capture_00676 03_03_31Z__tx1800_ty600_ts400.png,1800.0,600.0,13.59,1.541,57.01,0.9134,-0.4071,1
81,/Volumes/External/frigate/processed/Capture_00676 03_03_31Z__tx1200_ty900_ts400.png,1200.0,900.0,17.47,1.058,43.38,0.9984,0.0565,1
82,/Volumes/External/frigate/processed/Capture_00676 03_03_31Z__tx1200_ty1200_ts400.png,1200.0,1200.0,17.47,1.058,43.38,0.9984,0.0565,1
83,/Volumes/External/frigate/processed/Capture_00178 02_57_23Z__tx1500_ty300_ts400.png,1500.0,300.0,16.42,1.09,47.47,0.9963,-0.0861,1
84,/Volumes/External/frigate/processed/Capture_00178 02_57_23Z__tx1800_ty300_ts400.png,1800.0,300.0,16.42,1.09,47.47,0.9963,-0.0861,1
85,/Volumes/External/frigate/processed/Capture_00178 02_57_23Z__tx1200_ty1200_ts400.png,1200.0,1200.0,14.9,1.845,28.46,0.8379,0.5458,1
86,/Volumes/External/frigate/processed/Capture_00178 02_57_23Z__tx1500_ty1200_ts400.png,1500.0,1200.0,14.9,1.845,28.46,0.8379,0.5458,1
88,/Volumes/External/frigate/processed/Capture_00254 02_58_57Z__tx1500_ty1200_ts400.png,1500.0,1200.0,9.7,2.023,63.7,0.7944,-0.6074,1
89,/Volumes/External/frigate/processed/Capture_00278 02_59_26Z__tx1200_ty600_ts400.png,1200.0,600.0,12.02,2.413,67.49,0.7074,-0.7069,1
90,/Volumes/External/frigate/processed/Capture_00278 02_59_26Z__tx1500_ty600_ts400.png,1500.0,600.0,12.02,2.413,67.49,0.7074,-0.7069,1
91,/Volumes/External/frigate/processed/Capture_00278 02_59_26Z__tx1200_ty900_ts400.png,1200.0,900.0,12.02,2.413,67.49,0.7074,-0.7069,1
92,/Volumes/External/frigate/processed/Capture_00278 02_59_26Z__tx1500_ty900_ts400.png,1500.0,900.0,12.02,2.413,67.49,0.7074,-0.7069,1
93,/Volumes/External/frigate/processed/Capture_00278 02_59_26Z__tx0_ty1200_ts400.png,0.0,1200.0,15.35,1.028,45.79,0.9996,-0.0276,1
94,/Volumes/External/frigate/processed/Capture_00278 02_59_26Z__tx300_ty1200_ts400.png,300.0,1200.0,15.35,1.028,45.79,0.9996,-0.0276,1
96,/Volumes/External/frigate/processed/Capture_00314 03_00_11Z__tx1800_ty300_ts400.png,1800.0,300.0,15.37,1.727,59.93,0.8672,-0.4979,1
97,/Volumes/External/frigate/processed/Capture_01817 03_13_18Z__tx300_ty900_ts400.png,300.0,900.0,10.1,1.623,31.64,0.8932,0.4496,1
98,/Volumes/External/frigate/processed/Capture_01817 03_13_18Z__tx600_ty900_ts400.png,600.0,900.0,10.1,1.623,31.64,0.8932,0.4496,1
99,/Volumes/External/frigate/processed/Capture_01793 03_13_00Z__tx0_ty900_ts400.png,0.0,900.0,10.05,1.654,31.16,0.8856,0.4645,1
100,/Volumes/External/frigate/processed/Capture_01793 03_13_00Z__tx300_ty900_ts400.png,300.0,900.0,10.05,1.654,31.16,0.8856,0.4645,1
102,/Volumes/External/frigate/processed/Capture_00162 02_57_04Z__tx1800_ty1200_ts400.png,1800.0,1200.0,14.94,1.956,27.08,0.8107,0.5855,1
103,/Volumes/External/frigate/processed/Capture_00173 02_57_17Z__tx1500_ty1200_ts400.png,1500.0,1200.0,14.0,2.5,21.8,0.6896,0.7242,1
104,/Volumes/External/frigate/processed/Capture_00191 02_57_38Z__tx1500_ty0_ts400.png,1500.0,0.0,17.72,1.155,49.12,0.9897,-0.1433,1
105,/Volumes/External/frigate/processed/Capture_00921 03_05_33Z__tx1500_ty600_ts400.png,1500.0,600.0,48.62,2.1,64.54,0.7763,-0.6304,6
106,/Volumes/External/frigate/processed/Capture_00921 03_05_33Z__tx1500_ty900_ts400.png,1500.0,900.0,40.57,3.088,72.06,0.5861,-0.8102,2
107,/Volumes/External/frigate/processed/Capture_00175 02_57_19Z__tx1500_ty300_ts400.png,1500.0,300.0,15.16,1.14,48.74,0.9915,-0.1302,1
108,/Volumes/External/frigate/processed/Capture_00175 02_57_19Z__tx1800_ty300_ts400.png,1800.0,300.0,15.16,1.14,48.74,0.9915,-0.1302,1
109,/Volumes/External/frigate/processed/Capture_00175 02_57_19Z__tx1500_ty1200_ts400.png,1500.0,1200.0,13.82,2.033,26.19,0.7921,0.6104,1
110,/Volumes/External/frigate/processed/Capture_00166 02_57_08Z__tx1500_ty1200_ts400.png,1500.0,1200.0,14.27,2.115,25.31,0.773,0.6345,1
111,/Volumes/External/frigate/processed/Capture_00166 02_57_08Z__tx1800_ty1200_ts400.png,1800.0,1200.0,14.27,2.115,25.31,0.773,0.6345,1
113,/Volumes/External/frigate/processed/Capture_00115 02_56_22Z__tx900_ty300_ts400.png,900.0,300.0,19.24,1.03,45.84,0.9996,-0.0293,1
114,/Volumes/External/frigate/processed/Capture_00115 02_56_22Z__tx1200_ty300_ts400.png,1200.0,300.0,19.24,1.03,45.84,0.9996,-0.0293,1
118,/Volumes/External/frigate/processed/Capture_01693 03_12_04Z__tx1200_ty300_ts400.png,1200.0,300.0,16.46,1.921,62.5,0.8192,-0.5736,1
119,/Volumes/External/frigate/processed/Capture_01693 03_12_04Z__tx1500_ty300_ts400.png,1500.0,300.0,16.82,1.374,36.05,0.9516,0.3074,1
120,/Volumes/External/frigate/processed/Capture_01720 03_12_18Z__tx1200_ty0_ts400.png,1200.0,0.0,17.63,2.661,69.41,0.6584,-0.7526,1
122,/Volumes/External/frigate/processed/Capture_00103 02_56_16Z__tx1200_ty300_ts400.png,1200.0,300.0,17.55,1.067,46.85,0.9979,-0.0645,1
123,/Volumes/External/frigate/processed/Capture_00258 02_59_02Z__tx300_ty600_ts400.png,300.0,600.0,12.02,1.024,44.33,0.9997,0.0234,1
124,/Volumes/External/frigate/processed/Capture_00258 02_59_02Z__tx300_ty900_ts400.png,300.0,900.0,12.02,1.024,44.33,0.9997,0.0234,1
125,/Volumes/External/frigate/processed/Capture_00258 02_59_02Z__tx1500_ty1200_ts400.png,1500.0,1200.0,10.53,2.366,67.09,0.7172,-0.6969,1
126,/Volumes/External/frigate/processed/Capture_01336 03_09_02Z__tx600_ty0_ts400.png,600.0,0.0,18.81,1.031,44.14,0.9995,0.03,1
127,/Volumes/External/frigate/processed/Capture_01336 03_09_02Z__tx1200_ty0_ts400.png,1200.0,0.0,15.92,1.558,57.31,0.9091,-0.4166,1
130,/Volumes/External/frigate/processed/Capture_00281 02_59_30Z__tx900_ty300_ts400.png,900.0,300.0,18.31,1.008,45.22,1.0,-0.0077,1
131,/Volumes/External/frigate/processed/Capture_00281 02_59_30Z__tx900_ty600_ts400.png,900.0,600.0,18.31,1.008,45.22,1.0,-0.0077,1
132,/Volumes/External/frigate/processed/Capture_00281 02_59_30Z__tx1200_ty600_ts400.png,1200.0,600.0,12.8,1.806,61.03,0.8475,-0.5308,1
133,/Volumes/External/frigate/processed/Capture_00281 02_59_30Z__tx1500_ty600_ts400.png,1500.0,600.0,12.8,1.806,61.03,0.8475,-0.5308,1
134,/Volumes/External/frigate/processed/Capture_00281 02_59_30Z__tx2100_ty900_ts400.png,2100.0,900.0,11.23,1.225,39.22,0.9797,0.2004,1
135,/Volumes/External/frigate/processed/Capture_00281 02_59_30Z__tx0_ty1200_ts400.png,0.0,1200.0,17.82,1.032,45.91,0.9995,-0.0318,1
136,/Volumes/External/frigate/processed/Capture_00281 02_59_30Z__tx2100_ty1200_ts400.png,2100.0,1200.0,13.56,1.195,50.09,0.9843,-0.1767,1
139,/Volumes/External/frigate/processed/Capture_00110 02_56_19Z__tx1200_ty300_ts400.png,1200.0,300.0,17.82,1.032,45.91,0.9995,-0.0318,1
140,/Volumes/External/frigate/processed/Capture_00977 03_06_01Z__tx0_ty0_ts400.png,0.0,0.0,17.33,1.042,43.83,0.9992,0.0408,1
141,/Volumes/External/frigate/processed/Capture_00977 03_06_01Z__tx1200_ty0_ts400.png,1200.0,0.0,16.31,1.586,32.23,0.9023,0.4311,1
142,/Volumes/External/frigate/processed/Capture_00977 03_06_01Z__tx1500_ty0_ts400.png,1500.0,0.0,16.45,1.58,32.34,0.9039,0.4277,1
143,/Volumes/External/frigate/processed/Capture_00114 02_56_21Z__tx900_ty300_ts400.png,900.0,300.0,19.02,1.007,45.21,1.0,-0.0073,1
144,/Volumes/External/frigate/processed/Capture_00114 02_56_21Z__tx1200_ty300_ts400.png,1200.0,300.0,19.02,1.007,45.21,1.0,-0.0073,1
145,/Volumes/External/frigate/processed/Capture_01634 03_11_33Z__tx300_ty300_ts400.png,300.0,300.0,15.28,1.057,43.41,0.9985,0.0555,1
146,/Volumes/External/frigate/processed/Capture_01634 03_11_33Z__tx1200_ty900_ts400.png,1200.0,900.0,12.4,2.216,65.71,0.7499,-0.6616,1
147,/Volumes/External/frigate/processed/Capture_01634 03_11_33Z__tx300_ty1200_ts400.png,300.0,1200.0,13.51,1.076,47.1,0.9973,-0.0732,1
148,/Volumes/External/frigate/processed/Capture_01634 03_11_33Z__tx1200_ty1200_ts400.png,1200.0,1200.0,12.4,2.216,65.71,0.7499,-0.6616,1
150,/Volumes/External/frigate/processed/Capture_00189 02_57_36Z__tx1500_ty0_ts400.png,1500.0,0.0,17.85,1.136,48.63,0.992,-0.1264,1
151,/Volumes/External/frigate/processed/Capture_00153 02_56_53Z__tx2100_ty1200_ts400.png,2100.0,1200.0,16.31,1.511,33.5,0.9205,0.3907,1
152,/Volumes/External/frigate/processed/Capture_00213 02_58_05Z__tx900_ty900_ts400.png,900.0,900.0,15.78,1.084,42.69,0.9968,0.0805,1
153,/Volumes/External/frigate/processed/Capture_00213 02_58_05Z__tx1200_ty900_ts400.png,1200.0,900.0,15.78,1.084,42.69,0.9968,0.0805,1
154,/Volumes/External/frigate/processed/Capture_00276 02_59_24Z__tx1200_ty600_ts400.png,1200.0,600.0,9.49,1.127,48.42,0.9929,-0.1191,1
155,/Volumes/External/frigate/processed/Capture_00276 02_59_24Z__tx1500_ty600_ts400.png,1500.0,600.0,9.49,1.127,48.42,0.9929,-0.1191,1
156,/Volumes/External/frigate/processed/Capture_00276 02_59_24Z__tx1200_ty900_ts400.png,1200.0,900.0,13.64,1.921,62.5,0.8192,-0.5736,1
157,/Volumes/External/frigate/processed/Capture_00276 02_59_24Z__tx1500_ty900_ts400.png,1500.0,900.0,13.64,1.921,62.5,0.8192,-0.5736,1
158,/Volumes/External/frigate/processed/Capture_00276 02_59_24Z__tx0_ty1200_ts400.png,0.0,1200.0,19.02,1.023,45.64,0.9998,-0.0223,1
159,/Volumes/External/frigate/processed/Capture_00276 02_59_24Z__tx300_ty1200_ts400.png,300.0,1200.0,19.02,1.023,45.64,0.9998,-0.0223,1
160,/Volumes/External/frigate/processed/Capture_00276 02_59_24Z__tx2100_ty1200_ts400.png,2100.0,1200.0,14.23,1.247,51.28,0.9761,-0.2175,1
161,/Volumes/External/frigate/processed/Capture_00120 02_56_24Z__tx900_ty300_ts400.png,900.0,300.0,18.6,1.055,46.52,0.9986,-0.053,1
162,/Volumes/External/frigate/processed/Capture_00120 02_56_24Z__tx1200_ty300_ts400.png,1200.0,300.0,18.6,1.055,46.52,0.9986,-0.053,1
163,/Volumes/External/frigate/processed/Capture_00290 02_59_41Z__tx1200_ty300_ts400.png,1200.0,300.0,15.97,2.164,65.2,0.7615,-0.6481,1
164,/Volumes/External/frigate/processed/Capture_00290 02_59_41Z__tx1500_ty300_ts400.png,1500.0,300.0,15.97,2.164,65.2,0.7615,-0.6481,2
165,/Volumes/External/frigate/processed/Capture_00290 02_59_41Z__tx1800_ty300_ts400.png,1800.0,300.0,12.9,1.58,32.33,0.9038,0.428,1
166,/Volumes/External/frigate/processed/Capture_00290 02_59_41Z__tx1200_ty600_ts400.png,1200.0,600.0,15.97,2.164,65.2,0.7615,-0.6481,1
167,/Volumes/External/frigate/processed/Capture_00290 02_59_41Z__tx1500_ty600_ts400.png,1500.0,600.0,15.97,2.164,65.2,0.7615,-0.6481,2
168,/Volumes/External/frigate/processed/Capture_00290 02_59_41Z__tx1800_ty600_ts400.png,1800.0,600.0,12.9,1.58,32.33,0.9038,0.428,1
169,/Volumes/External/frigate/processed/Capture_00290 02_59_41Z__tx0_ty900_ts400.png,0.0,900.0,20.22,1.0,45.0,1.0,0.0,1
170,/Volumes/External/frigate/processed/Capture_00290 02_59_41Z__tx1800_ty900_ts400.png,1800.0,900.0,14.41,1.64,58.63,0.8889,-0.458,1
171,/Volumes/External/frigate/processed/Capture_00290 02_59_41Z__tx2100_ty900_ts400.png,2100.0,900.0,15.42,1.323,52.91,0.9621,-0.2726,1
172,/Volumes/External/frigate/processed/Capture_01320 03_08_54Z__tx600_ty0_ts400.png,600.0,0.0,20.22,1.0,45.0,1.0,0.0,1
173,/Volumes/External/frigate/processed/Capture_01320 03_08_54Z__tx900_ty0_ts400.png,900.0,0.0,19.13,1.126,48.39,0.993,-0.1181,2
174,/Volumes/External/frigate/processed/Capture_01320 03_08_54Z__tx1200_ty0_ts400.png,1200.0,0.0,17.88,1.358,53.64,0.9549,-0.297,2
175,/Volumes/External/frigate/processed/Capture_01320 03_08_54Z__tx1500_ty0_ts400.png,1500.0,0.0,17.88,1.358,53.64,0.9549,-0.297,1
176,/Volumes/External/frigate/processed/Capture_01320 03_08_54Z__tx600_ty300_ts400.png,600.0,300.0,20.22,1.0,45.0,1.0,0.0,1
177,/Volumes/External/frigate/processed/Capture_01320 03_08_54Z__tx900_ty300_ts400.png,900.0,300.0,19.13,1.126,48.39,0.993,-0.1181,1
178,/Volumes/External/frigate/processed/Capture_01320 03_08_54Z__tx1200_ty300_ts400.png,1200.0,300.0,13.1,1.377,36.0,0.9511,0.309,1
179,/Volumes/External/frigate/processed/Capture_01320 03_08_54Z__tx1500_ty300_ts400.png,1500.0,300.0,13.1,1.377,36.0,0.9511,0.309,1
180,/Volumes/External/frigate/processed/Capture_01320 03_08_54Z__tx1500_ty900_ts400.png,1500.0,900.0,9.53,1.867,28.18,0.8325,0.554,1
182,/Volumes/External/frigate/processed/Capture_00167 02_57_10Z__tx1500_ty1200_ts400.png,1500.0,1200.0,14.86,2.177,24.67,0.7586,0.6516,1
183,/Volumes/External/frigate/processed/Capture_00167 02_57_10Z__tx1800_ty1200_ts400.png,1800.0,1200.0,14.86,2.177,24.67,0.7586,0.6516,1
184,/Volumes/External/frigate/processed/Capture_00460 03_01_42Z__tx900_ty1200_ts400.png,900.0,1200.0,14.48,1.481,34.02,0.9274,0.374,1
185,/Volumes/External/frigate/processed/Capture_00460 03_01_42Z__tx1200_ty1200_ts400.png,1200.0,1200.0,14.48,1.481,34.02,0.9274,0.374,1
186,/Volumes/External/frigate/processed/Capture_01524 03_10_36Z__tx300_ty0_ts400.png,300.0,0.0,17.92,1.465,55.69,0.9312,-0.3646,1
187,/Volumes/External/frigate/processed/Capture_01524 03_10_36Z__tx900_ty300_ts400.png,900.0,300.0,18.68,1.079,42.83,0.9971,0.0757,1
188,/Volumes/External/frigate/processed/Capture_00694 03_03_40Z__tx1500_ty300_ts400.png,1500.0,300.0,14.4,1.551,57.19,0.9108,-0.4128,1
189,/Volumes/External/frigate/processed/Capture_00694 03_03_40Z__tx1800_ty300_ts400.png,1800.0,300.0,14.4,1.551,57.19,0.9108,-0.4128,1
190,/Volumes/External/frigate/processed/Capture_00694 03_03_40Z__tx1500_ty600_ts400.png,1500.0,600.0,12.68,2.927,18.86,0.6118,0.791,1
191,/Volumes/External/frigate/processed/Capture_00170 02_57_13Z__tx1800_ty300_ts400.png,1800.0,300.0,15.66,1.146,48.88,0.9908,-0.135,1
192,/Volumes/External/frigate/processed/Capture_00170 02_57_13Z__tx1500_ty1200_ts400.png,1500.0,1200.0,16.14,1.695,30.54,0.8753,0.4836,1
194,/Volumes/External/frigate/processed/Capture_00305 03_00_00Z__tx1200_ty0_ts400.png,1200.0,0.0,16.16,4.647,77.86,0.4112,-0.9115,1
195,/Volumes/External/frigate/processed/Capture_00305 03_00_00Z__tx1500_ty0_ts400.png,1500.0,0.0,16.16,4.647,77.86,0.4112,-0.9115,1
196,/Volumes/External/frigate/processed/Capture_00305 03_00_00Z__tx1200_ty300_ts400.png,1200.0,300.0,10.59,2.857,19.29,0.6236,0.7817,1
197,/Volumes/External/frigate/processed/Capture_00305 03_00_00Z__tx1500_ty300_ts400.png,1500.0,300.0,10.59,2.857,19.29,0.6236,0.7817,1
198,/Volumes/External/frigate/processed/Capture_00305 03_00_00Z__tx900_ty600_ts400.png,900.0,600.0,16.4,1.0,45.0,1.0,0.0,1
199,/Volumes/External/frigate/processed/Capture_00305 03_00_00Z__tx1200_ty600_ts400.png,1200.0,600.0,16.4,1.0,45.0,1.0,0.0,2
200,/Volumes/External/frigate/processed/Capture_00305 03_00_00Z__tx1500_ty600_ts400.png,1500.0,600.0,10.59,2.857,19.29,0.6236,0.7817,1
201,/Volumes/External/frigate/processed/Capture_00510 03_02_07Z__tx600_ty1200_ts400.png,600.0,1200.0,14.27,1.649,31.24,0.8868,0.4621,1
202,/Volumes/External/frigate/processed/Capture_01980 03_14_47Z__tx300_ty900_ts400.png,300.0,900.0,16.32,1.933,27.35,0.8161,0.5779,1
203,/Volumes/External/frigate/processed/Capture_01980 03_14_47Z__tx600_ty900_ts400.png,600.0,900.0,16.32,1.933,27.35,0.8161,0.5779,1
204,/Volumes/External/frigate/processed/Capture_01980 03_14_47Z__tx1800_ty900_ts400.png,1800.0,900.0,10.24,1.611,31.83,0.8962,0.4437,1
205,/Volumes/External/frigate/processed/Capture_01818 03_13_18Z__tx300_ty900_ts400.png,300.0,900.0,11.23,1.476,34.11,0.9286,0.371,1
206,/Volumes/External/frigate/processed/Capture_01818 03_13_18Z__tx600_ty900_ts400.png,600.0,900.0,11.23,1.476,34.11,0.9286,0.371,1
207,/Volumes/External/frigate/processed/Capture_01818 03_13_18Z__tx1500_ty1200_ts400.png,1500.0,1200.0,14.26,1.558,57.31,0.9091,-0.4166,1
208,/Volumes/External/frigate/processed/Capture_01818 03_13_18Z__tx1800_ty1200_ts400.png,1800.0,1200.0,14.26,1.558,57.31,0.9091,-0.4166,1
210,/Volumes/External/frigate/processed/Capture_00274 02_59_22Z__tx1200_ty900_ts400.png,1200.0,900.0,12.72,2.644,69.29,0.6616,-0.7499,1
211,/Volumes/External/frigate/processed/Capture_00274 02_59_22Z__tx1500_ty900_ts400.png,1500.0,900.0,12.72,2.644,69.29,0.6616,-0.7499,1
212,/Volumes/External/frigate/processed/Capture_00274 02_59_22Z__tx0_ty1200_ts400.png,0.0,1200.0,15.77,1.009,45.26,1.0,-0.0091,1
213,/Volumes/External/frigate/processed/Capture_00274 02_59_22Z__tx300_ty1200_ts400.png,300.0,1200.0,15.77,1.009,45.26,1.0,-0.0091,1
214,/Volumes/External/frigate/processed/Capture_00274 02_59_22Z__tx2100_ty1200_ts400.png,2100.0,1200.0,11.24,1.379,54.05,0.9505,-0.3107,1
215,/Volumes/External/frigate/processed/Capture_00192 02_57_40Z__tx1200_ty0_ts400.png,1200.0,0.0,18.99,1.144,48.84,0.991,-0.1336,1
216,/Volumes/External/frigate/processed/Capture_00192 02_57_40Z__tx1500_ty0_ts400.png,1500.0,0.0,18.99,1.144,48.84,0.991,-0.1336,1
217,/Volumes/External/frigate/processed/Capture_01332 03_09_00Z__tx600_ty0_ts400.png,600.0,0.0,19.3,1.007,44.79,1.0,0.0073,1
218,/Volumes/External/frigate/processed/Capture_01332 03_09_00Z__tx1200_ty0_ts400.png,1200.0,0.0,16.86,1.489,56.12,0.9256,-0.3785,1
219,/Volumes/External/frigate/processed/Capture_01332 03_09_00Z__tx1500_ty0_ts400.png,1500.0,0.0,16.17,1.728,59.95,0.8669,-0.4985,1
220,/Volumes/External/frigate/processed/Capture_00446 03_01_35Z__tx1200_ty1200_ts400.png,1200.0,1200.0,13.08,2.308,23.43,0.7297,0.6838,1
221,/Volumes/External/frigate/processed/Capture_00318 03_00_16Z__tx1800_ty300_ts400.png,1800.0,300.0,15.61,1.958,62.94,0.8102,-0.5861,1
223,/Volumes/External/frigate/processed/Capture_00156 02_56_56Z__tx1800_ty1200_ts400.png,1800.0,1200.0,15.28,1.714,30.26,0.8705,0.4921,1
224,/Volumes/External/frigate/processed/Capture_00156 02_56_56Z__tx2100_ty1200_ts400.png,2100.0,1200.0,15.28,1.714,30.26,0.8705,0.4921,1
225,/Volumes/External/frigate/processed/Capture_00127 02_56_28Z__tx900_ty0_ts400.png,900.0,0.0,19.52,1.029,45.83,0.9996,-0.029,1
226,/Volumes/External/frigate/processed/Capture_00127 02_56_28Z__tx900_ty300_ts400.png,900.0,300.0,19.52,1.029,45.83,0.9996,-0.029,1
227,/Volumes/External/frigate/processed/Capture_00568 03_02_38Z__tx300_ty600_ts400.png,300.0,600.0,14.99,2.958,18.68,0.6068,0.7948,1
228,/Volumes/External/frigate/processed/Capture_00568 03_02_38Z__tx1500_ty600_ts400.png,1500.0,600.0,15.0,1.078,47.16,0.9972,-0.0753,1
229,/Volumes/External/frigate/processed/Capture_00568 03_02_38Z__tx1800_ty600_ts400.png,1800.0,600.0,15.0,1.078,47.16,0.9972,-0.0753,1
230,/Volumes/External/frigate/processed/Capture_00568 03_02_38Z__tx300_ty900_ts400.png,300.0,900.0,14.99,2.958,18.68,0.6068,0.7948,1
231,/Volumes/External/frigate/processed/Capture_00568 03_02_38Z__tx1500_ty900_ts400.png,1500.0,900.0,13.34,1.186,40.14,0.9856,0.1688,1
232,/Volumes/External/frigate/processed/Capture_00568 03_02_38Z__tx1800_ty900_ts400.png,1800.0,900.0,13.34,1.186,40.14,0.9856,0.1688,1
233,/Volumes/External/frigate/processed/Capture_01255 03_08_21Z__tx1200_ty600_ts400.png,1200.0,600.0,16.26,1.018,45.5,0.9998,-0.0175,1
234,/Volumes/External/frigate/processed/Capture_01255 03_08_21Z__tx1500_ty600_ts400.png,1500.0,600.0,13.88,1.267,51.73,0.9725,-0.2328,1
235,/Volumes/External/frigate/processed/Capture_01255 03_08_21Z__tx1800_ty600_ts400.png,1800.0,600.0,13.88,1.267,51.73,0.9725,-0.2328,1
236,/Volumes/External/frigate/processed/Capture_01255 03_08_21Z__tx1200_ty900_ts400.png,1200.0,900.0,16.26,1.018,45.5,0.9998,-0.0175,1
237,/Volumes/External/frigate/processed/Capture_01255 03_08_21Z__tx1500_ty900_ts400.png,1500.0,900.0,13.88,1.267,51.73,0.9725,-0.2328,1
238,/Volumes/External/frigate/processed/Capture_01255 03_08_21Z__tx1800_ty900_ts400.png,1800.0,900.0,13.88,1.267,51.73,0.9725,-0.2328,1
239,/Volumes/External/frigate/processed/Capture_00248 02_58_47Z__tx1800_ty300_ts400.png,1800.0,300.0,15.66,1.146,41.12,0.9908,0.135,1
240,/Volumes/External/frigate/processed/Capture_00641 03_03_13Z__tx900_ty0_ts400.png,900.0,0.0,17.16,1.161,49.25,0.989,-0.1478,1
241,/Volumes/External/frigate/processed/Capture_00641 03_03_13Z__tx1200_ty0_ts400.png,1200.0,0.0,17.16,1.161,49.25,0.989,-0.1478,1
242,/Volumes/External/frigate/processed/Capture_00641 03_03_13Z__tx900_ty600_ts400.png,900.0,600.0,14.99,1.038,43.92,0.9993,0.0377,2
243,/Volumes/External/frigate/processed/Capture_00641 03_03_13Z__tx1200_ty600_ts400.png,1200.0,600.0,13.07,2.204,24.41,0.7526,0.6584,1
244,/Volumes/External/frigate/processed/Capture_00268 02_59_14Z__tx1500_ty900_ts400.png,1500.0,900.0,11.77,3.424,73.72,0.5382,-0.8428,1
245,/Volumes/External/frigate/processed/Capture_00268 02_59_14Z__tx1500_ty1200_ts400.png,1500.0,1200.0,6.76,1.788,60.78,0.8521,-0.5234,1
246,/Volumes/External/frigate/processed/Capture_01512 03_10_30Z__tx300_ty0_ts400.png,300.0,0.0,16.39,1.452,55.44,0.9343,-0.3564,1
247,/Volumes/External/frigate/processed/Capture_01512 03_10_30Z__tx900_ty300_ts400.png,900.0,300.0,17.33,1.059,43.36,0.9984,0.0572,1
248,/Volumes/External/frigate/processed/Capture_01512 03_10_30Z__tx900_ty600_ts400.png,900.0,600.0,17.33,1.059,43.36,0.9984,0.0572,1
249,/Volumes/External/frigate/processed/Capture_00271 02_59_18Z__tx1200_ty900_ts400.png,1200.0,900.0,11.95,3.167,72.47,0.5744,-0.8186,1
250,/Volumes/External/frigate/processed/Capture_00271 02_59_18Z__tx1500_ty900_ts400.png,1500.0,900.0,12.22,2.591,68.9,0.6717,-0.7408,1
251,/Volumes/External/frigate/processed/Capture_00271 02_59_18Z__tx300_ty1200_ts400.png,300.0,1200.0,16.05,1.027,45.76,0.9996,-0.0265,1
252,/Volumes/External/frigate/processed/Capture_00271 02_59_18Z__tx2100_ty1200_ts400.png,2100.0,1200.0,11.54,1.403,54.52,0.9453,-0.3262,1
253,/Volumes/External/frigate/processed/Capture_01682 03_11_58Z__tx1200_ty300_ts400.png,1200.0,300.0,16.17,1.517,33.4,0.9191,0.3939,2
254,/Volumes/External/frigate/processed/Capture_01682 03_11_58Z__tx1500_ty300_ts400.png,1500.0,300.0,16.17,1.517,33.4,0.9191,0.3939,1
255,/Volumes/External/frigate/processed/Capture_01682 03_11_58Z__tx1200_ty600_ts400.png,1200.0,600.0,16.17,1.517,33.4,0.9191,0.3939,2
256,/Volumes/External/frigate/processed/Capture_01682 03_11_58Z__tx1500_ty600_ts400.png,1500.0,600.0,16.17,1.517,33.4,0.9191,0.3939,1
257,/Volumes/External/frigate/processed/Capture_00279 02_59_28Z__tx1200_ty600_ts400.png,1200.0,600.0,13.32,2.412,67.48,0.7076,-0.7066,1
258,/Volumes/External/frigate/processed/Capture_00279 02_59_28Z__tx1500_ty600_ts400.png,1500.0,600.0,13.32,2.412,67.48,0.7076,-0.7066,1
259,/Volumes/External/frigate/processed/Capture_00279 02_59_28Z__tx1200_ty900_ts400.png,1200.0,900.0,13.32,2.412,67.48,0.7076,-0.7066,1
260,/Volumes/External/frigate/processed/Capture_00279 02_59_28Z__tx1500_ty900_ts400.png,1500.0,900.0,13.32,2.412,67.48,0.7076,-0.7066,1
261,/Volumes/External/frigate/processed/Capture_00279 02_59_28Z__tx0_ty1200_ts400.png,0.0,1200.0,17.96,1.032,45.9,0.9995,-0.0314,1
266,/Volumes/External/frigate/processed/Capture_00183 02_57_29Z__tx1500_ty0_ts400.png,1500.0,0.0,19.33,1.116,48.14,0.994,-0.1094,1
267,/Volumes/External/frigate/processed/Capture_00183 02_57_29Z__tx1500_ty300_ts400.png,1500.0,300.0,19.18,1.101,47.75,0.9954,-0.0958,1
269,/Volumes/External/frigate/processed/Capture_00486 03_01_55Z__tx900_ty1200_ts400.png,900.0,1200.0,13.19,1.918,27.54,0.82,0.5724,1
272,/Volumes/External/frigate/processed/Capture_00932 03_05_39Z__tx600_ty0_ts400.png,600.0,0.0,16.03,1.523,33.29,0.9176,0.3975,1
273,/Volumes/External/frigate/processed/Capture_00932 03_05_39Z__tx900_ty0_ts400.png,900.0,0.0,16.67,1.584,32.26,0.9027,0.4302,1
274,/Volumes/External/frigate/processed/Capture_00932 03_05_39Z__tx1500_ty0_ts400.png,1500.0,0.0,17.11,1.521,56.68,0.918,-0.3965,1
275,/Volumes/External/frigate/processed/Capture_00932 03_05_39Z__tx1800_ty0_ts400.png,1800.0,0.0,18.18,1.073,42.99,0.9975,0.0701,1
276,/Volumes/External/frigate/processed/Capture_00932 03_05_39Z__tx600_ty300_ts400.png,600.0,300.0,21.04,1.137,48.66,0.9919,-0.1274,2
277,/Volumes/External/frigate/processed/Capture_00932 03_05_39Z__tx1500_ty900_ts400.png,1500.0,900.0,40.03,2.057,64.08,0.7863,-0.6179,6
278,/Volumes/External/frigate/processed/Capture_00932 03_05_39Z__tx1500_ty1200_ts400.png,1500.0,1200.0,40.03,2.057,64.08,0.7863,-0.6179,6
279,/Volumes/External/frigate/processed/Capture_00135 02_56_32Z__tx900_ty0_ts400.png,900.0,0.0,18.67,1.015,45.43,0.9999,-0.015,1
282,/Volumes/External/frigate/processed/Capture_00260 02_59_05Z__tx1500_ty1200_ts400.png,1500.0,1200.0,12.18,2.651,69.33,0.6605,-0.7508,1
290,/Volumes/External/frigate/processed/Capture_00151 02_56_51Z__tx2100_ty1200_ts400.png,2100.0,1200.0,15.21,2.076,25.72,0.782,0.6233,1
292,/Volumes/External/frigate/processed/Capture_00273 02_59_20Z__tx1200_ty900_ts400.png,1200.0,900.0,12.8,2.148,65.04,0.7651,-0.6439,1
293,/Volumes/External/frigate/processed/Capture_00273 02_59_20Z__tx1500_ty900_ts400.png,1500.0,900.0,12.8,2.148,65.04,0.7651,-0.6439,1
294,/Volumes/External/frigate/processed/Capture_00273 02_59_20Z__tx300_ty1200_ts400.png,300.0,1200.0,17.61,1.041,46.15,0.9992,-0.0401,1
295,/Volumes/External/frigate/processed/Capture_00273 02_59_20Z__tx2100_ty1200_ts400.png,2100.0,1200.0,12.82,1.387,54.2,0.9489,-0.3156,1
297,/Volumes/External/frigate/processed/Capture_00295 02_59_47Z__tx1200_ty300_ts400.png,1200.0,300.0,15.34,2.717,69.79,0.6484,-0.7613,1
298,/Volumes/External/frigate/processed/Capture_00295 02_59_47Z__tx1500_ty300_ts400.png,1500.0,300.0,15.34,2.717,69.79,0.6484,-0.7613,1
299,/Volumes/External/frigate/processed/Capture_00295 02_59_47Z__tx1800_ty900_ts400.png,1800.0,900.0,14.98,1.476,55.89,0.9286,-0.371,1
300,/Volumes/External/frigate/processed/Capture_00295 02_59_47Z__tx2100_ty900_ts400.png,2100.0,900.0,14.98,1.476,55.89,0.9286,-0.371,1
303,/Volumes/External/frigate/processed/Capture_01098 03_07_02Z__tx900_ty900_ts400.png,900.0,900.0,14.29,1.082,42.73,0.9969,0.0792,1
304,/Volumes/External/frigate/processed/Capture_01098 03_07_02Z__tx900_ty1200_ts400.png,900.0,1200.0,14.29,1.082,42.73,0.9969,0.0792,1
306,/Volumes/External/frigate/processed/Capture_00267 02_59_13Z__tx1500_ty900_ts400.png,1500.0,900.0,12.7,2.036,63.84,0.7914,-0.6113,1
307,/Volumes/External/frigate/processed/Capture_00267 02_59_13Z__tx1500_ty1200_ts400.png,1500.0,1200.0,12.7,2.036,63.84,0.7914,-0.6113,1
308,/Volumes/External/frigate/processed/Capture_00304 02_59_58Z__tx1200_ty0_ts400.png,1200.0,0.0,16.01,3.255,72.92,0.5615,-0.8275,1
309,/Volumes/External/frigate/processed/Capture_00304 02_59_58Z__tx1500_ty0_ts400.png,1500.0,0.0,16.01,3.255,72.92,0.5615,-0.8275,1
310,/Volumes/External/frigate/processed/Capture_00304 02_59_58Z__tx1800_ty600_ts400.png,1800.0,600.0,14.74,1.753,60.3,0.8607,-0.509,1
311,/Volumes/External/frigate/processed/Capture_00304 02_59_58Z__tx2100_ty600_ts400.png,2100.0,600.0,14.74,1.753,60.3,0.8607,-0.509,1
313,/Volumes/External/frigate/processed/Capture_00264 02_59_09Z__tx1500_ty900_ts400.png,1500.0,900.0,10.74,2.227,65.82,0.7473,-0.6644,1
314,/Volumes/External/frigate/processed/Capture_00264 02_59_09Z__tx1500_ty1200_ts400.png,1500.0,1200.0,11.11,2.318,66.67,0.7273,-0.6863,1
317,/Volumes/External/frigate/processed/Capture_00177 02_57_21Z__tx1500_ty300_ts400.png,1500.0,300.0,17.01,1.143,48.81,0.9912,-0.1326,1
318,/Volumes/External/frigate/processed/Capture_00177 02_57_21Z__tx1800_ty300_ts400.png,1800.0,300.0,17.01,1.143,48.81,0.9912,-0.1326,1
319,/Volumes/External/frigate/processed/Capture_00177 02_57_21Z__tx1200_ty1200_ts400.png,1200.0,1200.0,15.34,2.138,25.06,0.7674,0.6412,1
320,/Volumes/External/frigate/processed/Capture_00177 02_57_21Z__tx1500_ty1200_ts400.png,1500.0,1200.0,15.34,2.138,25.06,0.7674,0.6412,1
324,/Volumes/External/frigate/processed/Capture_00308 03_00_03Z__tx1200_ty0_ts400.png,1200.0,0.0,17.68,3.055,71.87,0.5915,-0.8063,1
325,/Volumes/External/frigate/processed/Capture_00308 03_00_03Z__tx1500_ty0_ts400.png,1500.0,0.0,17.68,3.055,71.87,0.5915,-0.8063,1
326,/Volumes/External/frigate/processed/Capture_00308 03_00_03Z__tx1800_ty600_ts400.png,1800.0,600.0,16.18,1.593,57.88,0.9006,-0.4346,1
329,/Volumes/External/frigate/processed/Capture_00171 02_57_14Z__tx1500_ty1200_ts400.png,1500.0,1200.0,16.2,1.821,28.78,0.844,0.5364,1
330,/Volumes/External/frigate/processed/Capture_00548 03_02_29Z__tx0_ty600_ts400.png,0.0,600.0,14.14,1.894,27.83,0.8257,0.5641,1
331,/Volumes/External/frigate/processed/Capture_00548 03_02_29Z__tx0_ty900_ts400.png,0.0,900.0,14.14,1.894,27.83,0.8257,0.5641,1
341,/Volumes/External/frigate/processed/Capture_01770 03_12_47Z__tx1200_ty0_ts400.png,1200.0,0.0,16.84,1.215,50.54,0.9814,-0.1922,1
342,/Volumes/External/frigate/processed/Capture_00328 03_00_29Z__tx1800_ty0_ts400.png,1800.0,0.0,16.78,1.873,61.91,0.8308,-0.5566,1
345,/Volumes/External/frigate/processed/Capture_00288 02_59_39Z__tx1200_ty300_ts400.png,1200.0,300.0,14.75,2.654,69.35,0.66,-0.7513,1
346,/Volumes/External/frigate/processed/Capture_00288 02_59_39Z__tx1500_ty300_ts400.png,1500.0,300.0,14.75,2.654,69.35,0.66,-0.7513,1
347,/Volumes/External/frigate/processed/Capture_00288 02_59_39Z__tx1200_ty600_ts400.png,1200.0,600.0,14.75,2.654,69.35,0.66,-0.7513,1
348,/Volumes/External/frigate/processed/Capture_00288 02_59_39Z__tx1500_ty600_ts400.png,1500.0,600.0,14.75,2.654,69.35,0.66,-0.7513,1
349,/Volumes/External/frigate/processed/Capture_00288 02_59_39Z__tx0_ty900_ts400.png,0.0,900.0,18.88,1.023,45.64,0.9998,-0.0223,1
350,/Volumes/External/frigate/processed/Capture_00288 02_59_39Z__tx2100_ty900_ts400.png,2100.0,900.0,13.12,1.408,54.61,0.9443,-0.3292,1
352,/Volumes/External/frigate/processed/Capture_00929 03_05_37Z__tx900_ty0_ts400.png,900.0,0.0,16.86,1.686,30.67,0.8775,0.4796,1
353,/Volumes/External/frigate/processed/Capture_00929 03_05_37Z__tx1500_ty900_ts400.png,1500.0,900.0,44.1,2.068,64.19,0.7839,-0.6209,6
354,/Volumes/External/frigate/processed/Capture_00291 02_59_42Z__tx1200_ty300_ts400.png,1200.0,300.0,14.3,3.341,73.34,0.5493,-0.8356,1
355,/Volumes/External/frigate/processed/Capture_00291 02_59_42Z__tx1500_ty300_ts400.png,1500.0,300.0,14.3,3.341,73.34,0.5493,-0.8356,1
356,/Volumes/External/frigate/processed/Capture_00291 02_59_42Z__tx0_ty900_ts400.png,0.0,900.0,18.39,1.016,45.44,0.9999,-0.0154,1
357,/Volumes/External/frigate/processed/Capture_00291 02_59_42Z__tx1800_ty900_ts400.png,1800.0,900.0,13.57,1.597,57.95,0.8996,-0.4368,1
358,/Volumes/External/frigate/processed/Capture_00291 02_59_42Z__tx2100_ty900_ts400.png,2100.0,900.0,13.57,1.597,57.95,0.8996,-0.4368,1
360,/Volumes/External/frigate/processed/Capture_00649 03_03_17Z__tx900_ty0_ts400.png,900.0,0.0,18.48,1.105,47.85,0.9951,-0.0993,1
361,/Volumes/External/frigate/processed/Capture_00649 03_03_17Z__tx1200_ty0_ts400.png,1200.0,0.0,18.48,1.105,47.85,0.9951,-0.0993,1
362,/Volumes/External/frigate/processed/Capture_00649 03_03_17Z__tx1200_ty600_ts400.png,1200.0,600.0,12.89,2.553,21.39,0.6792,0.734,1
363,/Volumes/External/frigate/processed/Capture_01676 03_11_55Z__tx1200_ty300_ts400.png,1200.0,300.0,16.42,1.478,34.08,0.9282,0.372,1
364,/Volumes/External/frigate/processed/Capture_01676 03_11_55Z__tx1200_ty600_ts400.png,1200.0,600.0,16.42,1.478,34.08,0.9282,0.372,2
365,/Volumes/External/frigate/processed/Capture_00307 03_00_02Z__tx1200_ty0_ts400.png,1200.0,0.0,16.87,3.447,73.82,0.5352,-0.8447,1
366,/Volumes/External/frigate/processed/Capture_00307 03_00_02Z__tx1500_ty0_ts400.png,1500.0,0.0,16.87,3.447,73.82,0.5352,-0.8447,1
367,/Volumes/External/frigate/processed/Capture_00307 03_00_02Z__tx1800_ty600_ts400.png,1800.0,600.0,15.13,1.784,60.72,0.8532,-0.5216,1
368,/Volumes/External/frigate/processed/Capture_00877 03_05_11Z__tx900_ty0_ts400.png,900.0,0.0,18.34,1.106,42.13,0.995,0.1,1
369,/Volumes/External/frigate/processed/Capture_00877 03_05_11Z__tx300_ty300_ts400.png,300.0,300.0,13.19,1.918,27.54,0.82,0.5724,1
370,/Volumes/External/frigate/processed/Capture_00256 02_59_00Z__tx300_ty600_ts400.png,300.0,600.0,14.72,1.08,42.8,0.9971,0.0767,1
371,/Volumes/External/frigate/processed/Capture_00256 02_59_00Z__tx300_ty900_ts400.png,300.0,900.0,14.72,1.08,42.8,0.9971,0.0767,1
372,/Volumes/External/frigate/processed/Capture_00256 02_59_00Z__tx1500_ty1200_ts400.png,1500.0,1200.0,10.47,3.226,72.78,0.5655,-0.8247,1
373,/Volumes/External/frigate/processed/Capture_00164 02_57_06Z__tx1800_ty600_ts400.png,1800.0,600.0,13.14,1.202,50.25,0.9833,-0.1822,1
374,/Volumes/External/frigate/processed/Capture_00164 02_57_06Z__tx1800_ty1200_ts400.png,1800.0,1200.0,15.18,1.76,29.6,0.859,0.512,1
377,/Volumes/External/frigate/processed/Capture_01944 03_14_28Z__tx900_ty0_ts400.png,900.0,0.0,19.94,1.014,45.41,0.9999,-0.0143,1
378,/Volumes/External/frigate/processed/Capture_01944 03_14_28Z__tx1500_ty0_ts400.png,1500.0,0.0,16.28,2.028,26.25,0.7934,0.6088,1
379,/Volumes/External/frigate/processed/Capture_01944 03_14_28Z__tx900_ty600_ts400.png,900.0,600.0,17.72,1.857,28.3,0.8348,0.5505,1
380,/Volumes/External/frigate/processed/Capture_01944 03_14_28Z__tx900_ty900_ts400.png,900.0,900.0,17.72,1.857,28.3,0.8348,0.5505,1
381,/Volumes/External/frigate/processed/Capture_01944 03_14_28Z__tx1500_ty900_ts400.png,1500.0,900.0,10.96,1.603,31.95,0.898,0.4399,1
385,/Volumes/External/frigate/processed/Capture_01488 03_10_18Z__tx300_ty300_ts400.png,300.0,300.0,15.71,1.407,54.59,0.9445,-0.3285,1
386,/Volumes/External/frigate/processed/Capture_01488 03_10_18Z__tx600_ty300_ts400.png,600.0,300.0,15.71,1.407,54.59,0.9445,-0.3285,1
388,/Volumes/External/frigate/processed/Capture_00903 03_05_24Z__tx1500_ty0_ts400.png,1500.0,0.0,63.29,2.315,66.63,0.7283,-0.6853,2
389,/Volumes/External/frigate/processed/Capture_00903 03_05_24Z__tx1800_ty0_ts400.png,1800.0,0.0,65.7,2.059,64.1,0.7859,-0.6184,6
390,/Volumes/External/frigate/processed/Capture_00903 03_05_24Z__tx1500_ty300_ts400.png,1500.0,300.0,15.39,1.17,40.52,0.9878,0.1557,1
394,/Volumes/External/frigate/processed/Capture_00155 02_56_55Z__tx1800_ty1200_ts400.png,1800.0,1200.0,14.81,1.899,27.78,0.8247,0.5655,1
395,/Volumes/External/frigate/processed/Capture_00155 02_56_55Z__tx2100_ty1200_ts400.png,2100.0,1200.0,14.81,1.899,27.78,0.8247,0.5655,1
398,/Volumes/External/frigate/processed/Capture_00604 03_02_55Z__tx1200_ty300_ts400.png,1200.0,300.0,16.55,1.053,46.47,0.9987,-0.0513,1
399,/Volumes/External/frigate/processed/Capture_00604 03_02_55Z__tx1500_ty300_ts400.png,1500.0,300.0,16.55,1.053,46.47,0.9987,-0.0513,1
400,/Volumes/External/frigate/processed/Capture_00604 03_02_55Z__tx600_ty600_ts400.png,600.0,600.0,13.42,2.179,24.66,0.7584,0.6518,1
401,/Volumes/External/frigate/processed/Capture_00604 03_02_55Z__tx1200_ty600_ts400.png,1200.0,600.0,16.55,1.053,46.47,0.9987,-0.0513,1
402,/Volumes/External/frigate/processed/Capture_00604 03_02_55Z__tx1500_ty600_ts400.png,1500.0,600.0,16.55,1.053,46.47,0.9987,-0.0513,1
403,/Volumes/External/frigate/processed/Capture_00174 02_57_18Z__tx1800_ty300_ts400.png,1800.0,300.0,13.31,1.089,47.44,0.9964,-0.0851,1
404,/Volumes/External/frigate/processed/Capture_00174 02_57_18Z__tx1500_ty1200_ts400.png,1500.0,1200.0,15.29,1.573,32.44,0.9054,0.4245,1
407,/Volumes/External/frigate/processed/Capture_00695 03_03_40Z__tx1500_ty600_ts400.png,1500.0,600.0,12.92,2.035,26.17,0.7917,0.611,1
408,/Volumes/External/frigate/processed/Capture_00321 03_00_19Z__tx1800_ty0_ts400.png,1800.0,0.0,13.78,1.205,50.3,0.9829,-0.184,1
409,/Volumes/External/frigate/processed/Capture_00321 03_00_19Z__tx1800_ty300_ts400.png,1800.0,300.0,16.96,1.648,58.75,0.887,-0.4617,1
410,/Volumes/External/frigate/processed/Capture_01899 03_14_04Z__tx900_ty0_ts400.png,900.0,0.0,16.93,1.408,54.62,0.9441,-0.3295,1
411,/Volumes/External/frigate/processed/Capture_01899 03_14_04Z__tx1200_ty0_ts400.png,1200.0,0.0,16.93,1.408,54.62,0.9441,-0.3295,1
412,/Volumes/External/frigate/processed/Capture_01899 03_14_04Z__tx1800_ty0_ts400.png,1800.0,0.0,17.75,2.013,63.58,0.797,-0.604,1
413,/Volumes/External/frigate/processed/Capture_01899 03_14_04Z__tx900_ty300_ts400.png,900.0,300.0,15.97,1.184,49.83,0.9858,-0.1678,1
414,/Volumes/External/frigate/processed/Capture_01899 03_14_04Z__tx1200_ty300_ts400.png,1200.0,300.0,16.41,1.071,46.97,0.9976,-0.0687,2
415,/Volumes/External/frigate/processed/Capture_01899 03_14_04Z__tx1800_ty300_ts400.png,1800.0,300.0,17.75,2.013,63.58,0.797,-0.604,1
416,/Volumes/External/frigate/processed/Capture_01899 03_14_04Z__tx1500_ty600_ts400.png,1500.0,600.0,16.49,2.375,22.83,0.7152,0.6989,1
417,/Volumes/External/frigate/processed/Capture_01899 03_14_04Z__tx900_ty900_ts400.png,900.0,900.0,7.21,1.04,43.88,0.9992,0.0391,1
418,/Volumes/External/frigate/processed/Capture_01899 03_14_04Z__tx1200_ty900_ts400.png,1200.0,900.0,10.47,1.84,28.52,0.8391,0.5441,1
422,/Volumes/External/frigate/processed/Capture_00289 02_59_40Z__tx1200_ty300_ts400.png,1200.0,300.0,14.55,3.233,72.81,0.5647,-0.8253,1
423,/Volumes/External/frigate/processed/Capture_00289 02_59_40Z__tx1500_ty300_ts400.png,1500.0,300.0,14.55,3.233,72.81,0.5647,-0.8253,1
424,/Volumes/External/frigate/processed/Capture_00289 02_59_40Z__tx1200_ty600_ts400.png,1200.0,600.0,14.55,3.233,72.81,0.5647,-0.8253,1
425,/Volumes/External/frigate/processed/Capture_00289 02_59_40Z__tx1500_ty600_ts400.png,1500.0,600.0,14.55,3.233,72.81,0.5647,-0.8253,1
426,/Volumes/External/frigate/processed/Capture_00289 02_59_40Z__tx0_ty900_ts400.png,0.0,900.0,17.47,1.025,45.7,0.9997,-0.0244,1
427,/Volumes/External/frigate/processed/Capture_00289 02_59_40Z__tx2100_ty900_ts400.png,2100.0,900.0,13.15,1.528,56.79,0.9165,-0.4,1
429,/Volumes/External/frigate/processed/Capture_00165 02_57_07Z__tx1800_ty300_ts400.png,1800.0,300.0,14.66,1.112,48.04,0.9944,-0.1059,1
430,/Volumes/External/frigate/processed/Capture_00165 02_57_07Z__tx1800_ty600_ts400.png,1800.0,600.0,14.66,1.112,48.04,0.9944,-0.1059,1
431,/Volumes/External/frigate/processed/Capture_00165 02_57_07Z__tx1500_ty1200_ts400.png,1500.0,1200.0,10.12,1.29,37.78,0.9684,0.2494,1
432,/Volumes/External/frigate/processed/Capture_00165 02_57_07Z__tx1800_ty1200_ts400.png,1800.0,1200.0,14.86,2.177,24.67,0.7586,0.6516,1
434,/Volumes/External/frigate/processed/Capture_00730 03_03_58Z__tx600_ty600_ts400.png,600.0,600.0,12.17,1.845,61.54,0.8379,-0.5458,1
435,/Volumes/External/frigate/processed/Capture_00730 03_03_58Z__tx1800_ty600_ts400.png,1800.0,600.0,12.24,3.25,17.1,0.5621,0.8271,1
436,/Volumes/External/frigate/processed/Capture_00730 03_03_58Z__tx2100_ty600_ts400.png,2100.0,600.0,12.24,3.25,17.1,0.5621,0.8271,1
437,/Volumes/External/frigate/processed/Capture_01528 03_10_38Z__tx300_ty0_ts400.png,300.0,0.0,17.84,1.455,55.51,0.9335,-0.3587,1
438,/Volumes/External/frigate/processed/Capture_00313 03_00_10Z__tx1800_ty300_ts400.png,1800.0,300.0,14.31,2.0,63.43,0.8001,-0.5999,1
439,/Volumes/External/frigate/processed/Capture_01678 03_11_56Z__tx1200_ty300_ts400.png,1200.0,300.0,14.89,1.985,26.74,0.8036,0.5951,2
440,/Volumes/External/frigate/processed/Capture_01678 03_11_56Z__tx1200_ty600_ts400.png,1200.0,600.0,15.08,2.979,71.44,0.6035,-0.7974,2
441,/Volumes/External/frigate/processed/Capture_01987 03_14_51Z__tx900_ty0_ts400.png,900.0,0.0,15.36,2.554,21.39,0.6792,0.734,1
442,/Volumes/External/frigate/processed/Capture_01987 03_14_51Z__tx900_ty300_ts400.png,900.0,300.0,15.36,2.554,21.39,0.6792,0.734,1
443,/Volumes/External/frigate/processed/Capture_01987 03_14_51Z__tx300_ty900_ts400.png,300.0,900.0,16.08,2.586,21.14,0.6728,0.7399,1
444,/Volumes/External/frigate/processed/Capture_01987 03_14_51Z__tx1800_ty900_ts400.png,1800.0,900.0,9.69,2.5,21.8,0.6896,0.7242,1
447,/Volumes/External/frigate/processed/Capture_00298 02_59_51Z__tx1200_ty0_ts400.png,1200.0,0.0,17.51,1.148,41.06,0.9906,0.1371,2
448,/Volumes/External/frigate/processed/Capture_00298 02_59_51Z__tx1500_ty0_ts400.png,1500.0,0.0,15.15,3.295,73.12,0.5557,-0.8314,1
449,/Volumes/External/frigate/processed/Capture_00298 02_59_51Z__tx1200_ty300_ts400.png,1200.0,300.0,15.15,3.295,73.12,0.5557,-0.8314,1
450,/Volumes/External/frigate/processed/Capture_00298 02_59_51Z__tx1500_ty300_ts400.png,1500.0,300.0,15.15,3.295,73.12,0.5557,-0.8314,1
451,/Volumes/External/frigate/processed/Capture_00298 02_59_51Z__tx1800_ty600_ts400.png,1800.0,600.0,14.44,1.676,59.17,0.8801,-0.4747,1
452,/Volumes/External/frigate/processed/Capture_00298 02_59_51Z__tx2100_ty600_ts400.png,2100.0,600.0,14.44,1.676,59.17,0.8801,-0.4747,1
453,/Volumes/External/frigate/processed/Capture_00298 02_59_51Z__tx1800_ty900_ts400.png,1800.0,900.0,14.44,1.676,59.17,0.8801,-0.4747,1
454,/Volumes/External/frigate/processed/Capture_00298 02_59_51Z__tx2100_ty900_ts400.png,2100.0,900.0,14.44,1.676,59.17,0.8801,-0.4747,1
456,/Volumes/External/frigate/processed/Capture_00158 02_56_59Z__tx1800_ty600_ts400.png,1800.0,600.0,13.45,1.111,48.01,0.9945,-0.1049,1
457,/Volumes/External/frigate/processed/Capture_00158 02_56_59Z__tx2100_ty600_ts400.png,2100.0,600.0,13.45,1.111,48.01,0.9945,-0.1049,1
458,/Volumes/External/frigate/processed/Capture_00158 02_56_59Z__tx1800_ty1200_ts400.png,1800.0,1200.0,15.0,2.246,24.0,0.7431,0.6691,1
461,/Volumes/External/frigate/processed/Capture_01727 03_12_23Z__tx900_ty300_ts400.png,900.0,300.0,16.75,1.185,49.84,0.9858,-0.1681,1
462,/Volumes/External/frigate/processed/Capture_01727 03_12_23Z__tx900_ty600_ts400.png,900.0,600.0,15.2,1.009,44.73,1.0,0.0094,1
465,/Volumes/External/frigate/processed/Capture_00123 02_56_26Z__tx900_ty300_ts400.png,900.0,300.0,16.69,1.017,45.49,0.9999,-0.0171,1
466,/Volumes/External/frigate/processed/Capture_00123 02_56_26Z__tx1200_ty300_ts400.png,1200.0,300.0,15.1,1.28,51.99,0.9704,-0.2416,1
467,/Volumes/External/frigate/processed/Capture_01645 03_11_38Z__tx900_ty600_ts400.png,900.0,600.0,15.47,1.684,30.71,0.8782,0.4784,1
470,/Volumes/External/frigate/processed/Capture_01653 03_11_43Z__tx300_ty0_ts400.png,300.0,0.0,15.94,1.123,41.69,0.9933,0.1153,1
471,/Volumes/External/frigate/processed/Capture_01653 03_11_43Z__tx600_ty0_ts400.png,600.0,0.0,12.38,1.656,58.88,0.8849,-0.4658,1
472,/Volumes/External/frigate/processed/Capture_00154 02_56_54Z__tx1800_ty600_ts400.png,1800.0,600.0,12.33,1.148,48.95,0.9905,-0.1374,1
473,/Volumes/External/frigate/processed/Capture_00154 02_56_54Z__tx2100_ty600_ts400.png,2100.0,600.0,12.33,1.148,48.95,0.9905,-0.1374,1
474,/Volumes/External/frigate/processed/Capture_00154 02_56_54Z__tx1800_ty1200_ts400.png,1800.0,1200.0,14.01,2.246,24.0,0.7431,0.6691,1
475,/Volumes/External/frigate/processed/Capture_00154 02_56_54Z__tx2100_ty1200_ts400.png,2100.0,1200.0,14.01,2.246,24.0,0.7431,0.6691,1
476,/Volumes/External/frigate/processed/Capture_00420 03_01_22Z__tx1500_ty1200_ts400.png,1500.0,1200.0,11.92,2.391,22.69,0.7118,0.7024,1
480,/Volumes/External/frigate/processed/Capture_00176 02_57_20Z__tx1500_ty300_ts400.png,1500.0,300.0,14.69,1.179,49.69,0.9866,-0.163,1
481,/Volumes/External/frigate/processed/Capture_00176 02_57_20Z__tx1800_ty300_ts400.png,1800.0,300.0,14.69,1.179,49.69,0.9866,-0.163,1
482,/Volumes/External/frigate/processed/Capture_00176 02_57_20Z__tx1500_ty1200_ts400.png,1500.0,1200.0,13.26,2.638,20.76,0.6629,0.7487,1
484,/Volumes/External/frigate/processed/Capture_01459 03_10_03Z__tx600_ty300_ts400.png,600.0,300.0,13.0,1.697,59.49,0.8748,-0.4845,1
485,/Volumes/External/frigate/processed/Capture_01459 03_10_03Z__tx600_ty600_ts400.png,600.0,600.0,13.0,1.697,59.49,0.8748,-0.4845,1
489,/Volumes/External/frigate/processed/Capture_01862 03_13_45Z__tx1800_ty600_ts400.png,1800.0,600.0,15.88,2.45,22.2,0.6997,0.7145,2
490,/Volumes/External/frigate/processed/Capture_01862 03_13_45Z__tx2100_ty600_ts400.png,2100.0,600.0,15.88,2.45,22.2,0.6997,0.7145,1
491,/Volumes/External/frigate/processed/Capture_01862 03_13_45Z__tx900_ty900_ts400.png,900.0,900.0,10.25,1.837,28.57,0.84,0.5426,1
492,/Volumes/External/frigate/processed/Capture_01066 03_06_46Z__tx1200_ty0_ts400.png,1200.0,0.0,16.33,2.684,69.57,0.6542,-0.7563,1
493,/Volumes/External/frigate/processed/Capture_00735 03_04_00Z__tx1800_ty600_ts400.png,1800.0,600.0,9.54,1.766,29.52,0.8575,0.5144,1
494,/Volumes/External/frigate/processed/Capture_00735 03_04_00Z__tx2100_ty600_ts400.png,2100.0,600.0,12.89,2.553,21.39,0.6792,0.734,1
495,/Volumes/External/frigate/processed/Capture_00124 02_56_26Z__tx900_ty0_ts400.png,900.0,0.0,14.45,1.532,33.14,0.9155,0.4023,1
496,/Volumes/External/frigate/processed/Capture_00124 02_56_26Z__tx900_ty300_ts400.png,900.0,300.0,17.33,1.025,45.7,0.9997,-0.0244,1
500,/Volumes/External/frigate/processed/Capture_01296 03_08_42Z__tx1200_ty0_ts400.png,1200.0,0.0,16.03,1.173,49.55,0.9874,-0.1582,1
501,/Volumes/External/frigate/processed/Capture_01296 03_08_42Z__tx1500_ty0_ts400.png,1500.0,0.0,16.03,1.173,49.55,0.9874,-0.1582,1
502,/Volumes/External/frigate/processed/Capture_01296 03_08_42Z__tx900_ty300_ts400.png,900.0,300.0,17.96,1.016,45.45,0.9999,-0.0157,1
503,/Volumes/External/frigate/processed/Capture_01296 03_08_42Z__tx1500_ty300_ts400.png,1500.0,300.0,15.26,1.393,54.33,0.9474,-0.32,1
504,/Volumes/External/frigate/processed/Capture_00593 03_02_49Z__tx600_ty600_ts400.png,600.0,600.0,12.71,3.103,17.86,0.5838,0.8119,1
505,/Volumes/External/frigate/processed/Capture_00593 03_02_49Z__tx600_ty900_ts400.png,600.0,900.0,12.71,3.103,17.86,0.5838,0.8119,1
507,/Volumes/External/frigate/processed/Capture_00449 03_01_37Z__tx1200_ty1200_ts400.png,1200.0,1200.0,13.54,2.404,22.59,0.7093,0.7049,1
509,/Volumes/External/frigate/processed/Capture_00285 02_59_35Z__tx1200_ty600_ts400.png,1200.0,600.0,13.92,3.244,72.87,0.5629,-0.8265,1
510,/Volumes/External/frigate/processed/Capture_00285 02_59_35Z__tx1500_ty600_ts400.png,1500.0,600.0,13.92,3.244,72.87,0.5629,-0.8265,1
511,/Volumes/External/frigate/processed/Capture_00285 02_59_35Z__tx0_ty900_ts400.png,0.0,900.0,17.11,1.0,45.0,1.0,0.0,1
512,/Volumes/External/frigate/processed/Capture_00285 02_59_35Z__tx2100_ty900_ts400.png,2100.0,900.0,12.9,1.486,56.06,0.9264,-0.3765,1
513,/Volumes/External/frigate/processed/Capture_00285 02_59_35Z__tx0_ty1200_ts400.png,0.0,1200.0,17.11,1.0,45.0,1.0,0.0,1
514,/Volumes/External/frigate/processed/Capture_00285 02_59_35Z__tx2100_ty1200_ts400.png,2100.0,1200.0,12.9,1.486,56.06,0.9264,-0.3765,1
515,/Volumes/External/frigate/processed/Capture_01695 03_12_05Z__tx1200_ty300_ts400.png,1200.0,300.0,17.19,2.243,65.97,0.7438,-0.6684,1
520,/Volumes/External/frigate/processed/Capture_01913 03_14_11Z__tx900_ty0_ts400.png,900.0,0.0,17.34,1.598,57.96,0.8994,-0.4371,1
521,/Volumes/External/frigate/processed/Capture_01913 03_14_11Z__tx1200_ty0_ts400.png,1200.0,0.0,17.34,1.598,57.96,0.8994,-0.4371,2
522,/Volumes/External/frigate/processed/Capture_01913 03_14_11Z__tx1200_ty300_ts400.png,1200.0,300.0,15.72,1.114,48.09,0.9942,-0.1077,1
523,/Volumes/External/frigate/processed/Capture_01913 03_14_11Z__tx1200_ty600_ts400.png,1200.0,600.0,15.62,2.5,21.8,0.6896,0.7242,1
524,/Volumes/External/frigate/processed/Capture_01913 03_14_11Z__tx1500_ty600_ts400.png,1500.0,600.0,15.62,2.5,21.8,0.6896,0.7242,1
527,/Volumes/External/frigate/processed/Capture_01193 03_07_50Z__tx1500_ty1200_ts400.png,1500.0,1200.0,12.59,1.0,45.0,1.0,0.0,1
528,/Volumes/External/frigate/processed/Capture_01193 03_07_50Z__tx1800_ty1200_ts400.png,1800.0,1200.0,12.59,1.0,45.0,1.0,0.0,1
530,/Volumes/External/frigate/processed/Capture_00117 02_56_23Z__tx900_ty300_ts400.png,900.0,300.0,15.7,1.018,45.52,0.9998,-0.0182,1
531,/Volumes/External/frigate/processed/Capture_00117 02_56_23Z__tx1200_ty300_ts400.png,1200.0,300.0,15.7,1.018,45.52,0.9998,-0.0182,1
532,/Volumes/External/frigate/processed/Capture_01378 03_09_23Z__tx900_ty0_ts400.png,900.0,0.0,17.48,1.216,50.57,0.9812,-0.1932,1
533,/Volumes/External/frigate/processed/Capture_01378 03_09_23Z__tx600_ty900_ts400.png,600.0,900.0,12.07,1.435,55.12,0.9383,-0.346,1
534,/Volumes/External/frigate/processed/Capture_01378 03_09_23Z__tx900_ty900_ts400.png,900.0,900.0,12.07,1.435,55.12,0.9383,-0.346,1
535,/Volumes/External/frigate/processed/Capture_01378 03_09_23Z__tx600_ty1200_ts400.png,600.0,1200.0,12.07,1.435,55.12,0.9383,-0.346,1
536,/Volumes/External/frigate/processed/Capture_01378 03_09_23Z__tx900_ty1200_ts400.png,900.0,1200.0,12.07,1.435,55.12,0.9383,-0.346,1
538,/Volumes/External/frigate/processed/Capture_01068 03_06_47Z__tx1200_ty0_ts400.png,1200.0,0.0,17.43,3.132,72.29,0.5796,-0.8149,1
540,/Volumes/External/frigate/processed/Capture_00188 02_57_35Z__tx1500_ty0_ts400.png,1500.0,0.0,17.22,1.132,48.53,0.9924,-0.1229,1
541,/Volumes/External/frigate/processed/Capture_01816 03_13_17Z__tx1500_ty1200_ts400.png,1500.0,1200.0,12.97,2.0,63.43,0.8001,-0.5999,1
542,/Volumes/External/frigate/processed/Capture_01816 03_13_17Z__tx1800_ty1200_ts400.png,1800.0,1200.0,12.44,2.578,68.8,0.6743,-0.7385,1
543,/Volumes/External/frigate/processed/Capture_01958 03_14_35Z__tx1200_ty0_ts400.png,1200.0,0.0,15.12,2.731,20.11,0.6457,0.7636,1
544,/Volumes/External/frigate/processed/Capture_01958 03_14_35Z__tx1200_ty300_ts400.png,1200.0,300.0,15.12,2.731,20.11,0.6457,0.7636,1
545,/Volumes/External/frigate/processed/Capture_01958 03_14_35Z__tx600_ty600_ts400.png,600.0,600.0,15.13,2.564,21.31,0.6771,0.7359,1
546,/Volumes/External/frigate/processed/Capture_01958 03_14_35Z__tx900_ty600_ts400.png,900.0,600.0,15.13,2.564,21.31,0.6771,0.7359,1
547,/Volumes/External/frigate/processed/Capture_01958 03_14_35Z__tx300_ty900_ts400.png,300.0,900.0,14.26,1.185,40.17,0.9858,0.1678,1
548,/Volumes/External/frigate/processed/Capture_01958 03_14_35Z__tx600_ty900_ts400.png,600.0,900.0,15.13,2.564,21.31,0.6771,0.7359,3
549,/Volumes/External/frigate/processed/Capture_01958 03_14_35Z__tx900_ty900_ts400.png,900.0,900.0,15.13,2.564,21.31,0.6771,0.7359,1
550,/Volumes/External/frigate/processed/Capture_01958 03_14_35Z__tx300_ty1200_ts400.png,300.0,1200.0,14.26,1.185,40.17,0.9858,0.1678,1
551,/Volumes/External/frigate/processed/Capture_01958 03_14_35Z__tx600_ty1200_ts400.png,600.0,1200.0,14.26,1.185,40.17,0.9858,0.1678,1
552,/Volumes/External/frigate/processed/Capture_01658 03_11_45Z__tx900_ty600_ts400.png,900.0,600.0,14.43,1.736,29.94,0.865,0.5018,1
553,/Volumes/External/frigate/processed/Capture_01658 03_11_45Z__tx1200_ty600_ts400.png,1200.0,600.0,14.43,1.736,29.94,0.865,0.5018,2
554,/Volumes/External/frigate/processed/Capture_01658 03_11_45Z__tx1200_ty900_ts400.png,1200.0,900.0,13.91,2.136,64.91,0.7681,-0.6404,1
556,/Volumes/External/frigate/processed/Capture_00131 02_56_30Z__tx900_ty0_ts400.png,900.0,0.0,12.94,1.033,45.94,0.9995,-0.0328,1
557,/Volumes/External/frigate/processed/Capture_00131 02_56_30Z__tx900_ty300_ts400.png,900.0,300.0,12.94,1.033,45.94,0.9995,-0.0328,1
558,/Volumes/External/frigate/processed/Capture_00635 03_03_10Z__tx1200_ty0_ts400.png,1200.0,0.0,16.21,1.082,47.25,0.9969,-0.0785,1
559,/Volumes/External/frigate/processed/Capture_00635 03_03_10Z__tx1200_ty300_ts400.png,1200.0,300.0,16.21,1.082,47.25,0.9969,-0.0785,1
560,/Volumes/External/frigate/processed/Capture_00635 03_03_10Z__tx900_ty600_ts400.png,900.0,600.0,12.25,3.576,15.62,0.5186,0.855,1
561,/Volumes/External/frigate/processed/Capture_00635 03_03_10Z__tx2100_ty1200_ts400.png,2100.0,1200.0,26.87,1.655,58.85,0.8854,-0.4648,2
562,/Volumes/External/frigate/processed/Capture_00913 03_05_29Z__tx600_ty0_ts400.png,600.0,0.0,17.01,1.629,31.54,0.8916,0.4527,1
563,/Volumes/External/frigate/processed/Capture_00913 03_05_29Z__tx900_ty0_ts400.png,900.0,0.0,17.01,1.629,31.54,0.8916,0.4527,1
564,/Volumes/External/frigate/processed/Capture_00913 03_05_29Z__tx600_ty300_ts400.png,600.0,300.0,17.01,1.629,31.54,0.8916,0.4527,1
565,/Volumes/External/frigate/processed/Capture_00913 03_05_29Z__tx900_ty300_ts400.png,900.0,300.0,17.01,1.629,31.54,0.8916,0.4527,1
566,/Volumes/External/frigate/processed/Capture_00913 03_05_29Z__tx1500_ty300_ts400.png,1500.0,300.0,56.49,1.803,60.98,0.8484,-0.5293,4
567,/Volumes/External/frigate/processed/Capture_00876 03_05_11Z__tx900_ty0_ts400.png,900.0,0.0,17.21,1.113,41.94,0.9943,0.1066,1
569,/Volumes/External/frigate/processed/Capture_00493 03_01_59Z__tx600_ty1200_ts400.png,600.0,1200.0,14.54,2.079,25.68,0.7811,0.6244,1
570,/Volumes/External/frigate/processed/Capture_00493 03_01_59Z__tx900_ty1200_ts400.png,900.0,1200.0,14.54,2.079,25.68,0.7811,0.6244,1
571,/Volumes/External/frigate/processed/Capture_01374 03_09_21Z__tx900_ty0_ts400.png,900.0,0.0,17.43,1.248,51.29,0.976,-0.2178,1
572,/Volumes/External/frigate/processed/Capture_00553 03_02_30Z__tx0_ty600_ts400.png,0.0,600.0,13.22,3.15,17.61,0.5767,0.8169,1
573,/Volumes/External/frigate/processed/Capture_00553 03_02_30Z__tx300_ty600_ts400.png,300.0,600.0,13.22,3.15,17.61,0.5767,0.8169,1
574,/Volumes/External/frigate/processed/Capture_00553 03_02_30Z__tx0_ty900_ts400.png,0.0,900.0,13.22,3.15,17.61,0.5767,0.8169,1
575,/Volumes/External/frigate/processed/Capture_00553 03_02_30Z__tx300_ty900_ts400.png,300.0,900.0,13.22,3.15,17.61,0.5767,0.8169,1
577,/Volumes/External/frigate/processed/Capture_01794 03_13_02Z__tx300_ty900_ts400.png,300.0,900.0,15.33,1.182,40.24,0.9862,0.1654,2
580,/Volumes/External/frigate/processed/Capture_00524 03_02_14Z__tx0_ty600_ts400.png,0.0,600.0,13.82,2.766,19.88,0.6396,0.7687,1
581,/Volumes/External/frigate/processed/Capture_00524 03_02_14Z__tx0_ty900_ts400.png,0.0,900.0,13.82,2.766,19.88,0.6396,0.7687,1
583,/Volumes/External/frigate/processed/Capture_00280 02_59_29Z__tx1200_ty600_ts400.png,1200.0,600.0,12.46,3.216,72.73,0.567,-0.8237,1
584,/Volumes/External/frigate/processed/Capture_00280 02_59_29Z__tx1500_ty600_ts400.png,1500.0,600.0,12.46,3.216,72.73,0.567,-0.8237,1
585,/Volumes/External/frigate/processed/Capture_00280 02_59_29Z__tx1200_ty900_ts400.png,1200.0,900.0,9.82,2.459,67.87,0.6979,-0.7162,1
586,/Volumes/External/frigate/processed/Capture_00280 02_59_29Z__tx1500_ty900_ts400.png,1500.0,900.0,9.82,2.459,67.87,0.6979,-0.7162,1
587,/Volumes/External/frigate/processed/Capture_00280 02_59_29Z__tx0_ty1200_ts400.png,0.0,1200.0,15.7,1.018,45.52,0.9998,-0.0182,1
588,/Volumes/External/frigate/processed/Capture_00280 02_59_29Z__tx2100_ty1200_ts400.png,2100.0,1200.0,12.23,1.738,60.08,0.8646,-0.5024,1
589,/Volumes/External/frigate/processed/Capture_00917 03_05_31Z__tx1500_ty0_ts400.png,1500.0,0.0,14.68,1.156,40.86,0.9896,0.144,1
590,/Volumes/External/frigate/processed/Capture_00917 03_05_31Z__tx1800_ty0_ts400.png,1800.0,0.0,14.68,1.156,40.86,0.9896,0.144,1
591,/Volumes/External/frigate/processed/Capture_00917 03_05_31Z__tx1500_ty600_ts400.png,1500.0,600.0,55.67,2.312,66.61,0.7287,-0.6848,6
593,/Volumes/External/frigate/processed/Capture_00179 02_57_24Z__tx1500_ty300_ts400.png,1500.0,300.0,15.74,1.155,49.12,0.9897,-0.1433,1
594,/Volumes/External/frigate/processed/Capture_00179 02_57_24Z__tx1800_ty300_ts400.png,1800.0,300.0,15.74,1.155,49.12,0.9897,-0.1433,1
595,/Volumes/External/frigate/processed/Capture_00179 02_57_24Z__tx1200_ty1200_ts400.png,1200.0,1200.0,14.36,2.048,26.03,0.7887,0.6148,1
596,/Volumes/External/frigate/processed/Capture_00179 02_57_24Z__tx1500_ty1200_ts400.png,1500.0,1200.0,14.36,2.048,26.03,0.7887,0.6148,1
597,/Volumes/External/frigate/processed/Capture_01384 03_09_26Z__tx600_ty900_ts400.png,600.0,900.0,12.2,1.311,52.66,0.9645,-0.2642,1
598,/Volumes/External/frigate/processed/Capture_01384 03_09_26Z__tx600_ty1200_ts400.png,600.0,1200.0,12.2,1.311,52.66,0.9645,-0.2642,1
601,/Volumes/External/frigate/processed/Capture_01848 03_13_37Z__tx1500_ty600_ts400.png,1500.0,600.0,12.52,1.011,45.32,0.9999,-0.0112,1
602,/Volumes/External/frigate/processed/Capture_01848 03_13_37Z__tx1800_ty600_ts400.png,1800.0,600.0,12.52,1.011,45.32,0.9999,-0.0112,1
603,/Volumes/External/frigate/processed/Capture_01848 03_13_37Z__tx600_ty900_ts400.png,600.0,900.0,9.99,2.359,22.97,0.7186,0.6954,1
604,/Volumes/External/frigate/processed/Capture_01848 03_13_37Z__tx900_ty900_ts400.png,900.0,900.0,9.99,2.359,22.97,0.7186,0.6954,1
605,/Volumes/External/frigate/processed/Capture_01848 03_13_37Z__tx1500_ty900_ts400.png,1500.0,900.0,14.53,2.0,63.43,0.8001,-0.5999,2
606,/Volumes/External/frigate/processed/Capture_01848 03_13_37Z__tx1800_ty900_ts400.png,1800.0,900.0,14.53,2.0,63.43,0.8001,-0.5999,2
607,/Volumes/External/frigate/processed/Capture_01064 03_06_45Z__tx1200_ty0_ts400.png,1200.0,0.0,15.65,3.104,72.14,0.5838,-0.8119,1
608,/Volumes/External/frigate/processed/Capture_01064 03_06_45Z__tx1200_ty1200_ts400.png,1200.0,1200.0,14.29,1.082,42.73,0.9969,0.0792,1
611,/Volumes/External/frigate/processed/Capture_01733 03_12_26Z__tx900_ty300_ts400.png,900.0,300.0,16.76,1.206,50.33,0.9827,-0.185,1
612,/Volumes/External/frigate/processed/Capture_00883 03_05_14Z__tx900_ty0_ts400.png,900.0,0.0,17.56,1.12,41.77,0.9937,0.1125,1
613,/Volumes/External/frigate/processed/Capture_00883 03_05_14Z__tx300_ty300_ts400.png,300.0,300.0,15.08,1.873,28.09,0.8308,0.5566,1
614,/Volumes/External/frigate/processed/Capture_01059 03_06_43Z__tx1200_ty0_ts400.png,1200.0,0.0,15.36,2.554,68.61,0.6792,-0.734,1
615,/Volumes/External/frigate/processed/Capture_01059 03_06_43Z__tx1200_ty300_ts400.png,1200.0,300.0,15.36,2.554,68.61,0.6792,-0.734,1
616,/Volumes/External/frigate/processed/Capture_01087 03_06_57Z__tx900_ty900_ts400.png,900.0,900.0,12.45,1.071,43.05,0.9977,0.068,1
617,/Volumes/External/frigate/processed/Capture_01087 03_06_57Z__tx1200_ty900_ts400.png,1200.0,900.0,12.45,1.071,43.05,0.9977,0.068,1
618,/Volumes/External/frigate/processed/Capture_01087 03_06_57Z__tx900_ty1200_ts400.png,900.0,1200.0,12.45,1.071,43.05,0.9977,0.068,1
619,/Volumes/External/frigate/processed/Capture_01087 03_06_57Z__tx1200_ty1200_ts400.png,1200.0,1200.0,12.45,1.071,43.05,0.9977,0.068,1
620,/Volumes/External/frigate/processed/Capture_00681 03_03_33Z__tx1500_ty600_ts400.png,1500.0,600.0,12.74,3.025,18.29,0.5959,0.803,1
622,/Volumes/External/frigate/processed/Capture_00195 02_57_43Z__tx1200_ty0_ts400.png,1200.0,0.0,18.73,1.182,49.76,0.9862,-0.1654,1
623,/Volumes/External/frigate/processed/Capture_00195 02_57_43Z__tx1500_ty0_ts400.png,1500.0,0.0,18.73,1.182,49.76,0.9862,-0.1654,1
626,/Volumes/External/frigate/processed/Capture_00918 03_05_32Z__tx1500_ty600_ts400.png,1500.0,600.0,51.74,2.004,63.48,0.7991,-0.6013,6
633,/Volumes/External/frigate/processed/Capture_00193 02_57_41Z__tx1200_ty0_ts400.png,1200.0,0.0,19.14,1.16,49.24,0.9891,-0.1475,1
634,/Volumes/External/frigate/processed/Capture_00193 02_57_41Z__tx1500_ty0_ts400.png,1500.0,0.0,19.14,1.16,49.24,0.9891,-0.1475,1
637,/Volumes/External/frigate/processed/Capture_00905 03_05_25Z__tx600_ty0_ts400.png,600.0,0.0,14.28,1.812,28.9,0.8462,0.5329,1
638,/Volumes/External/frigate/processed/Capture_00905 03_05_25Z__tx1500_ty0_ts400.png,1500.0,0.0,62.48,1.934,62.66,0.8159,-0.5781,5
639,/Volumes/External/frigate/processed/Capture_00905 03_05_25Z__tx1800_ty0_ts400.png,1800.0,0.0,62.48,1.934,62.66,0.8159,-0.5781,6
640,/Volumes/External/frigate/processed/Capture_00905 03_05_25Z__tx600_ty300_ts400.png,600.0,300.0,14.28,1.812,28.9,0.8462,0.5329,1
641,/Volumes/External/frigate/processed/Capture_00905 03_05_25Z__tx1500_ty300_ts400.png,1500.0,300.0,15.8,1.144,41.15,0.991,0.134,2
642,/Volumes/External/frigate/processed/Capture_00312 03_00_08Z__tx1800_ty300_ts400.png,1800.0,300.0,14.45,2.063,64.14,0.785,-0.6195,1
643,/Volumes/External/frigate/processed/Capture_00312 03_00_08Z__tx1800_ty600_ts400.png,1800.0,600.0,14.45,2.063,64.14,0.785,-0.6195,1
644,/Volumes/External/frigate/processed/Capture_01471 03_10_09Z__tx300_ty300_ts400.png,300.0,300.0,13.67,1.71,59.68,0.8716,-0.4903,1
645,/Volumes/External/frigate/processed/Capture_01471 03_10_09Z__tx600_ty300_ts400.png,600.0,300.0,13.67,1.71,59.68,0.8716,-0.4903,1
647,/Volumes/External/frigate/processed/Capture_00679 03_03_32Z__tx1500_ty600_ts400.png,1500.0,600.0,13.56,2.52,21.64,0.6856,0.728,1
650,/Volumes/External/frigate/processed/Capture_01169 03_07_38Z__tx900_ty0_ts400.png,900.0,0.0,19.35,1.248,51.29,0.976,-0.2178,1
651,/Volumes/External/frigate/processed/Capture_00272 02_59_19Z__tx1200_ty900_ts400.png,1200.0,900.0,11.02,3.533,74.2,0.524,-0.8517,1
652,/Volumes/External/frigate/processed/Capture_00272 02_59_19Z__tx1500_ty900_ts400.png,1500.0,900.0,11.02,3.533,74.2,0.524,-0.8517,1
654,/Volumes/External/frigate/processed/Capture_00296 02_59_48Z__tx1200_ty300_ts400.png,1200.0,300.0,14.73,4.645,77.85,0.4115,-0.9114,1
655,/Volumes/External/frigate/processed/Capture_00296 02_59_48Z__tx1500_ty300_ts400.png,1500.0,300.0,14.73,4.645,77.85,0.4115,-0.9114,1
656,/Volumes/External/frigate/processed/Capture_00296 02_59_48Z__tx1800_ty600_ts400.png,1800.0,600.0,12.33,1.683,59.28,0.8783,-0.4781,1
657,/Volumes/External/frigate/processed/Capture_00296 02_59_48Z__tx2100_ty600_ts400.png,2100.0,600.0,12.33,1.683,59.28,0.8783,-0.4781,1
658,/Volumes/External/frigate/processed/Capture_00296 02_59_48Z__tx1800_ty900_ts400.png,1800.0,900.0,13.11,1.825,61.28,0.8428,-0.5382,1
659,/Volumes/External/frigate/processed/Capture_00296 02_59_48Z__tx2100_ty900_ts400.png,2100.0,900.0,13.11,1.825,61.28,0.8428,-0.5382,1
660,/Volumes/External/frigate/processed/Capture_00286 02_59_36Z__tx1200_ty600_ts400.png,1200.0,600.0,12.53,3.333,73.3,0.5505,-0.8348,1
661,/Volumes/External/frigate/processed/Capture_00286 02_59_36Z__tx1500_ty600_ts400.png,1500.0,600.0,12.53,3.333,73.3,0.5505,-0.8348,1
662,/Volumes/External/frigate/processed/Capture_00286 02_59_36Z__tx0_ty900_ts400.png,0.0,900.0,15.77,1.009,45.26,1.0,-0.0091,1
663,/Volumes/External/frigate/processed/Capture_00286 02_59_36Z__tx2100_ty900_ts400.png,2100.0,900.0,11.39,1.69,59.38,0.8766,-0.4811,1
664,/Volumes/External/frigate/processed/Capture_00286 02_59_36Z__tx0_ty1200_ts400.png,0.0,1200.0,15.77,1.009,45.26,1.0,-0.0091,1
665,/Volumes/External/frigate/processed/Capture_00160 02_57_01Z__tx1800_ty1200_ts400.png,1800.0,1200.0,14.0,2.153,24.92,0.7642,0.6449,1
667,/Volumes/External/frigate/processed/Capture_00909 03_05_27Z__tx1500_ty0_ts400.png,1500.0,0.0,61.82,1.74,60.12,0.8639,-0.5036,7
668,/Volumes/External/frigate/processed/Capture_00909 03_05_27Z__tx1800_ty0_ts400.png,1800.0,0.0,61.82,1.74,60.12,0.8639,-0.5036,5
669,/Volumes/External/frigate/processed/Capture_00909 03_05_27Z__tx300_ty300_ts400.png,300.0,300.0,14.53,2.0,26.57,0.8001,0.5999,1
670,/Volumes/External/frigate/processed/Capture_00909 03_05_27Z__tx1500_ty300_ts400.png,1500.0,300.0,61.82,1.74,60.12,0.8639,-0.5036,7
671,/Volumes/External/frigate/processed/Capture_00909 03_05_27Z__tx1800_ty300_ts400.png,1800.0,300.0,61.82,1.74,60.12,0.8639,-0.5036,5
675,/Volumes/External/frigate/processed/Capture_01375 03_09_21Z__tx600_ty900_ts400.png,600.0,900.0,10.26,1.536,56.93,0.9145,-0.4045,1
676,/Volumes/External/frigate/processed/Capture_01375 03_09_21Z__tx900_ty900_ts400.png,900.0,900.0,10.26,1.536,56.93,0.9145,-0.4045,1
677,/Volumes/External/frigate/processed/Capture_01375 03_09_21Z__tx600_ty1200_ts400.png,600.0,1200.0,10.26,1.536,56.93,0.9145,-0.4045,1
678,/Volumes/External/frigate/processed/Capture_01375 03_09_21Z__tx900_ty1200_ts400.png,900.0,1200.0,10.26,1.536,56.93,0.9145,-0.4045,1
679,/Volumes/External/frigate/processed/Capture_01854 03_13_40Z__tx900_ty300_ts400.png,900.0,300.0,15.12,1.398,54.42,0.9464,-0.3229,1
680,/Volumes/External/frigate/processed/Capture_01854 03_13_40Z__tx1200_ty300_ts400.png,1200.0,300.0,15.12,1.398,54.42,0.9464,-0.3229,1
681,/Volumes/External/frigate/processed/Capture_01854 03_13_40Z__tx1800_ty600_ts400.png,1800.0,600.0,14.22,2.065,64.16,0.7846,-0.6201,1
682,/Volumes/External/frigate/processed/Capture_01854 03_13_40Z__tx2100_ty600_ts400.png,2100.0,600.0,15.69,2.846,19.36,0.6255,0.7802,1
683,/Volumes/External/frigate/processed/Capture_01854 03_13_40Z__tx600_ty900_ts400.png,600.0,900.0,9.89,2.195,24.49,0.7545,0.6563,1
684,/Volumes/External/frigate/processed/Capture_01854 03_13_40Z__tx900_ty900_ts400.png,900.0,900.0,9.89,2.195,24.49,0.7545,0.6563,1
685,/Volumes/External/frigate/processed/Capture_01854 03_13_40Z__tx1800_ty900_ts400.png,1800.0,900.0,14.22,2.065,64.16,0.7846,-0.6201,1
689,/Volumes/External/frigate/processed/Capture_01457 03_10_02Z__tx600_ty300_ts400.png,600.0,300.0,13.87,1.526,56.77,0.9168,-0.3994,1
690,/Volumes/External/frigate/processed/Capture_01457 03_10_02Z__tx600_ty600_ts400.png,600.0,600.0,13.87,1.526,56.77,0.9168,-0.3994,1
691,/Volumes/External/frigate/processed/Capture_01284 03_08_36Z__tx1500_ty0_ts400.png,1500.0,0.0,16.15,1.131,48.51,0.9925,-0.1222,1
692,/Volumes/External/frigate/processed/Capture_01284 03_08_36Z__tx900_ty300_ts400.png,900.0,300.0,16.62,1.026,45.73,0.9997,-0.0255,1
693,/Volumes/External/frigate/processed/Capture_01284 03_08_36Z__tx1200_ty300_ts400.png,1200.0,300.0,16.62,1.026,45.73,0.9997,-0.0255,1
694,/Volumes/External/frigate/processed/Capture_01284 03_08_36Z__tx1500_ty300_ts400.png,1500.0,300.0,14.23,1.526,56.76,0.9169,-0.3991,1
695,/Volumes/External/frigate/processed/Capture_01284 03_08_36Z__tx900_ty600_ts400.png,900.0,600.0,16.62,1.026,45.73,0.9997,-0.0255,1
696,/Volumes/External/frigate/processed/Capture_01284 03_08_36Z__tx1200_ty600_ts400.png,1200.0,600.0,16.62,1.026,45.73,0.9997,-0.0255,1
697,/Volumes/External/frigate/processed/Capture_01284 03_08_36Z__tx1500_ty600_ts400.png,1500.0,600.0,14.23,1.526,56.76,0.9169,-0.3991,1
698,/Volumes/External/frigate/processed/Capture_01253 03_08_20Z__tx1200_ty600_ts400.png,1200.0,600.0,14.99,1.019,44.46,0.9998,0.0188,1
699,/Volumes/External/frigate/processed/Capture_01253 03_08_20Z__tx1500_ty600_ts400.png,1500.0,600.0,11.77,1.613,58.2,0.8957,-0.4446,1
700,/Volumes/External/frigate/processed/Capture_01253 03_08_20Z__tx1800_ty600_ts400.png,1800.0,600.0,11.77,1.613,58.2,0.8957,-0.4446,1
701,/Volumes/External/frigate/processed/Capture_01253 03_08_20Z__tx1200_ty900_ts400.png,1200.0,900.0,14.99,1.019,44.46,0.9998,0.0188,1
702,/Volumes/External/frigate/processed/Capture_01253 03_08_20Z__tx1500_ty900_ts400.png,1500.0,900.0,11.77,1.613,58.2,0.8957,-0.4446,1
703,/Volumes/External/frigate/processed/Capture_01253 03_08_20Z__tx1800_ty900_ts400.png,1800.0,900.0,11.77,1.613,58.2,0.8957,-0.4446,1
705,/Volumes/External/frigate/processed/Capture_01978 03_14_46Z__tx300_ty900_ts400.png,300.0,900.0,15.49,2.526,21.6,0.6845,0.729,1
706,/Volumes/External/frigate/processed/Capture_01978 03_14_46Z__tx600_ty900_ts400.png,600.0,900.0,15.49,2.526,21.6,0.6845,0.729,2
707,/Volumes/External/frigate/processed/Capture_01978 03_14_46Z__tx900_ty900_ts400.png,900.0,900.0,13.12,1.408,35.39,0.9443,0.3292,1
708,/Volumes/External/frigate/processed/Capture_00315 03_00_12Z__tx1800_ty300_ts400.png,1800.0,300.0,15.69,1.688,59.35,0.8771,-0.4802,1
709,/Volumes/External/frigate/processed/Capture_01496 03_10_22Z__tx300_ty0_ts400.png,300.0,0.0,14.01,1.519,56.65,0.9184,-0.3955,1
710,/Volumes/External/frigate/processed/Capture_01496 03_10_22Z__tx300_ty300_ts400.png,300.0,300.0,14.01,1.519,56.65,0.9184,-0.3955,1
712,/Volumes/External/frigate/processed/Capture_00133 02_56_31Z__tx900_ty0_ts400.png,900.0,0.0,15.63,1.046,46.3,0.999,-0.0454,1
713,/Volumes/External/frigate/processed/Capture_00133 02_56_31Z__tx900_ty300_ts400.png,900.0,300.0,15.63,1.046,46.3,0.999,-0.0454,1
716,/Volumes/External/frigate/processed/Capture_01225 03_08_06Z__tx1500_ty900_ts400.png,1500.0,900.0,13.65,1.053,46.48,0.9987,-0.0516,1
717,/Volumes/External/frigate/processed/Capture_01225 03_08_06Z__tx1800_ty900_ts400.png,1800.0,900.0,11.79,1.448,55.37,0.9352,-0.3541,1
